user_genome	classification	closest_genome_reference	closest_genome_reference_radius	closest_genome_taxonomy	closest_genome_ani	closest_genome_af	closest_placement_reference	closest_placement_radius	closest_placement_taxonomy	closest_placement_ani	closest_placement_af	pplacer_taxonomy	classification_method	note	other_related_references(genome_id,species_name,radius,ANI,AF)	msa_percent	translation_table	red_value	warnings
AH1_2nd_10:bin_000001	d__Bacteria;p__Cyanobacteriota;c__Vampirovibrionia;o__Gastranaerophilales;f__Gastranaerophilaceae;g__Limenecus;s__	N/A	N/A	N/A	N/A	N/A	N/A	N/A	N/A	N/A	N/A	d__Bacteria;p__Cyanobacteriota;c__Vampirovibrionia;o__Gastranaerophilales;f__Gastranaerophilaceae;g__Limenecus;s__	taxonomic classification fully defined by topology	classification based on placement in class-level tree	N/A	96.33	11	0.94561	N/A
AH1_2nd_10:bin_000007	d__Bacteria;p__Bacillota_A;c__Clostridia;o__Lachnospirales;f__;g__;s__	N/A	N/A	N/A	N/A	N/A	N/A	N/A	N/A	N/A	N/A	d__Bacteria;p__Bacillota_A;c__Clostridia;o__Lachnospirales;f__;g__;s__	taxonomic classification fully defined by topology	classification based on placement in class-level tree	N/A	93.9	11	0.59973	N/A
AH1_2nd_10:bin_000009	d__Bacteria;p__Desulfobacterota;c__Desulfovibrionia;o__Desulfovibrionales;f__Desulfovibrionaceae;g__Bilophila;s__	N/A	N/A	N/A	N/A	N/A	N/A	N/A	N/A	N/A	N/A	d__Bacteria;p__Desulfobacterota;c__Desulfovibrionia;o__Desulfovibrionales;f__Desulfovibrionaceae;g__Bilophila;s__	taxonomic classification fully defined by topology	classification based on placement in class-level tree	N/A	94.52	11	0.91832	N/A
AH1_2nd_10:bin_000010	d__Bacteria;p__Cyanobacteriota;c__Vampirovibrionia;o__Gastranaerophilales;f__Gastranaerophilaceae;g__CALURL01;s__	N/A	N/A	N/A	N/A	N/A	N/A	N/A	N/A	N/A	N/A	d__Bacteria;p__Cyanobacteriota;c__Vampirovibrionia;o__Gastranaerophilales;f__Gastranaerophilaceae;g__CALURL01;s__	taxonomic novelty determined using RED	classification based on placement in class-level tree	N/A	91.5	11	0.93272	N/A
AH1_2nd_10:bin_000018	d__Bacteria;p__Bacillota_A;c__Clostridia;o__Lachnospirales;f__Lachnospiraceae;g__MGBC140009;s__	N/A	N/A	N/A	N/A	N/A	N/A	N/A	N/A	N/A	N/A	d__Bacteria;p__Bacillota_A;c__Clostridia;o__Lachnospirales;f__Lachnospiraceae;g__MGBC140009;s__	taxonomic novelty determined using RED	classification based on placement in class-level tree	N/A	93.35	11	0.91706	N/A
AH1_2nd_10:bin_000025	d__Bacteria;p__Bacillota_A;c__Clostridia;o__Lachnospirales;f__;g__;s__	N/A	N/A	N/A	N/A	N/A	N/A	N/A	N/A	N/A	N/A	d__Bacteria;p__Bacillota_A;c__Clostridia;o__Lachnospirales;f__;g__;s__	taxonomic classification fully defined by topology	classification based on placement in class-level tree	N/A	91.7	11	0.59755	N/A
AH1_2nd_10:bin_000040	d__Bacteria;p__Bacillota_A;c__Clostridia;o__Oscillospirales;f__Ruminococcaceae;g__UBA866;s__	N/A	N/A	N/A	N/A	N/A	N/A	N/A	N/A	N/A	N/A	d__Bacteria;p__Bacillota_A;c__Clostridia;o__Oscillospirales;f__Ruminococcaceae;g__UBA866;s__	taxonomic classification fully defined by topology	classification based on placement in class-level tree	N/A	83.77	11	0.91955	N/A
AH1_2nd_10:bin_000041	d__Bacteria;p__Bacteroidota;c__Bacteroidia;o__Bacteroidales;f__Rikenellaceae;g__Alistipes;s__	N/A	N/A	N/A	N/A	N/A	GCF_900760675.1	95.0	d__Bacteria;p__Bacteroidota;c__Bacteroidia;o__Bacteroidales;f__Rikenellaceae;g__Alistipes;s__Alistipes sp900760675	N/A	N/A	d__Bacteria;p__Bacteroidota;c__Bacteroidia;o__Bacteroidales;f__Rikenellaceae;g__Alistipes;s__	taxonomic classification defined by topology and ANI	classification based on placement in class-level tree	GCA_934754975.1, s__Alistipes sp934754975, 95.0, 83.32, 0.169; GCF_902388705.1, s__Alistipes sp902388705, 95.0, 82.28, 0.239; GCF_021204515.1, s__Alistipes sp021204515, 95.0, 82.23, 0.223; GCF_025145285.1, s__Alistipes onderdonkii, 95.0, 82.14, 0.265; GCF_000265365.1, s__Alistipes finegoldii, 95.0, 82.09, 0.25; GCF_025145845.1, s__Alistipes shahii, 95.0, 81.1, 0.162; GCF_900541585.1, s__Alistipes sp900541585, 95.0, 80.92, 0.15; GCF_900083545.1, s__Alistipes provencensis, 95.0, 80.71, 0.164; GCF_900107675.1, s__Alistipes timonensis, 95.0, 80.53, 0.158	83.28	11	0.98615	N/A
AH1_2nd_10:bin_000042	d__Bacteria;p__Bacteroidota;c__Bacteroidia;o__Bacteroidales;f__Rikenellaceae;g__Alistipes;s__	N/A	N/A	N/A	N/A	N/A	GCA_019120055.1	95.0	d__Bacteria;p__Bacteroidota;c__Bacteroidia;o__Bacteroidales;f__Rikenellaceae;g__Alistipes;s__Alistipes excrementavium	82.04	0.21	d__Bacteria;p__Bacteroidota;c__Bacteroidia;o__Bacteroidales;f__Rikenellaceae;g__Alistipes;s__	taxonomic classification defined by topology and ANI	classification based on placement in class-level tree	N/A	83.14	11	0.9774	N/A
AH1_2nd_10:bin_000044	d__Bacteria;p__Bacillota_A;c__Clostridia;o__Lachnospirales;f__Lachnospiraceae;g__Enterocloster;s__	N/A	N/A	N/A	N/A	N/A	N/A	N/A	N/A	N/A	N/A	d__Bacteria;p__Bacillota_A;c__Clostridia;o__Lachnospirales;f__Lachnospiraceae;g__Enterocloster;s__	taxonomic classification fully defined by topology	classification based on placement in class-level tree	N/A	81.17	11	0.95147	N/A
AH1_2nd_10:bin_000049	d__Bacteria;p__Bacteroidota;c__Bacteroidia;o__Bacteroidales;f__Tannerellaceae;g__Parabacteroides;s__	N/A	N/A	N/A	N/A	N/A	N/A	N/A	N/A	N/A	N/A	d__Bacteria;p__Bacteroidota;c__Bacteroidia;o__Bacteroidales;f__Tannerellaceae;g__Parabacteroides;s__	taxonomic classification defined by topology and ANI	classification based on placement in class-level tree	GCF_014287585.1, s__Parabacteroides hominis, 95.0, 82.71, 0.299; GCF_902493135.1, s__Parabacteroides sp902493135, 95.0, 82.17, 0.256; GCF_003363715.1, s__Parabacteroides acidifaciens, 95.0, 81.89, 0.264; GCA_900760525.1, s__Parabacteroides sp900760525, 95.0, 81.81, 0.249; GCA_019411205.1, s__Parabacteroides sp019411205, 95.0, 81.62, 0.181; GCF_900552465.1, s__Parabacteroides sp900552465, 95.0, 81.26, 0.222; GCF_025151215.1, s__Parabacteroides merdae, 95.0, 80.85, 0.194; GCF_025151045.1, s__Parabacteroides johnsonii, 95.0, 80.69, 0.184; GCF_900155425.1, s__Parabacteroides massiliensis, 95.0, 80.54, 0.169; GCA_910577325.1, s__Parabacteroides sp910577325, 95.0, 79.6, 0.156	80.5	11	0.98132	N/A
AH1_2nd_10:bin_000050	d__Bacteria;p__Bacteroidota;c__Bacteroidia;o__Bacteroidales;f__Bacteroidaceae;g__Bacteroides;s__Bacteroides sp900557355	GCF_959601035.1	95.0	d__Bacteria;p__Bacteroidota;c__Bacteroidia;o__Bacteroidales;f__Bacteroidaceae;g__Bacteroides;s__Bacteroides sp900557355	98.34	0.856	GCF_959601035.1	95.0	d__Bacteria;p__Bacteroidota;c__Bacteroidia;o__Bacteroidales;f__Bacteroidaceae;g__Bacteroides;s__Bacteroides sp900557355	98.34	0.856	d__Bacteria;p__Bacteroidota;c__Bacteroidia;o__Bacteroidales;f__Bacteroidaceae;g__Bacteroides;s__	taxonomic classification defined by topology and ANI	topological placement and ANI have congruent species assignments	GCF_000172175.1, s__Bacteroides intestinalis, 96.89, 96.35, 0.699; GCF_003464595.1, s__Bacteroides intestinalis_A, 95.0, 93.23, 0.625; GCF_902364365.1, s__Bacteroides sp900556215, 95.0, 92.22, 0.598; GCF_020091405.1, s__Bacteroides sp900552405, 95.0, 88.65, 0.452; GCF_028539415.1, s__Bacteroides cellulosilyticus, 95.0, 87.47, 0.417; GCA_900759525.1, s__Bacteroides sp900759525, 95.0, 86.95, 0.351; GCF_000513195.1, s__Bacteroides timonensis, 95.0, 86.79, 0.42; GCF_905207245.1, s__Bacteroides sp905207245, 95.0, 85.64, 0.364; GCA_947071285.1, s__Bacteroides sp947071285, 95.0, 85.07, 0.295; GCF_900142015.1, s__Bacteroides stercorirosoris, 95.0, 84.98, 0.313; GCF_000315485.1, s__Bacteroides oleiciplenus, 95.0, 84.6, 0.367; GCA_905215555.1, s__Bacteroides sp905215555, 95.0, 83.3, 0.271	79.05	11	N/A	N/A
AH1_2nd_10:bin_000051	d__Bacteria;p__Bacteroidota;c__Bacteroidia;o__Bacteroidales;f__Bacteroidaceae;g__Bacteroides;s__	N/A	N/A	N/A	N/A	N/A	N/A	N/A	N/A	N/A	N/A	d__Bacteria;p__Bacteroidota;c__Bacteroidia;o__Bacteroidales;f__Bacteroidaceae;g__Bacteroides;s__	taxonomic classification fully defined by topology	classification based on placement in class-level tree	N/A	77.28	11	0.97024	N/A
AH1_2nd_10:bin_000060	d__Bacteria;p__Pseudomonadota;c__Alphaproteobacteria;o__Rickettsiales;f__UBA1997;g__;s__	N/A	N/A	N/A	N/A	N/A	N/A	N/A	N/A	N/A	N/A	d__Bacteria;p__Pseudomonadota;c__Alphaproteobacteria;o__Rickettsiales;f__UBA1997;g__;s__	taxonomic classification fully defined by topology	classification based on placement in class-level tree	N/A	68.88	11	0.68878	N/A
AH1_2nd_10:bin_000069	d__Bacteria;p__Bacteroidota;c__Bacteroidia;o__Bacteroidales;f__Bacteroidaceae;g__Bacteroides;s__	N/A	N/A	N/A	N/A	N/A	N/A	N/A	N/A	N/A	N/A	d__Bacteria;p__Bacteroidota;c__Bacteroidia;o__Bacteroidales;f__Bacteroidaceae;g__Bacteroides;s__	taxonomic classification fully defined by topology	classification based on placement in class-level tree	N/A	68.58	11	0.97459	N/A
AH1_2nd_10:bin_000073	d__Bacteria;p__Bacillota_A;c__Clostridia;o__Christensenellales;f__MGBC116941;g__;s__	N/A	N/A	N/A	N/A	N/A	N/A	N/A	N/A	N/A	N/A	d__Bacteria;p__Bacillota_A;c__Clostridia;o__Christensenellales;f__MGBC116941;g__;s__	taxonomic novelty determined using RED	classification based on placement in class-level tree	N/A	60.16	11	0.83254	N/A
AH1_2nd_10:bin_000084	d__Bacteria;p__Bacteroidota;c__Bacteroidia;o__Bacteroidales;f__Rikenellaceae;g__Alistipes;s__	N/A	N/A	N/A	N/A	N/A	N/A	N/A	N/A	N/A	N/A	d__Bacteria;p__Bacteroidota;c__Bacteroidia;o__Bacteroidales;f__Rikenellaceae;g__Alistipes;s__	taxonomic classification defined by topology and ANI	classification based on placement in class-level tree	GCF_025145845.1, s__Alistipes shahii, 95.0, 81.82, 0.168; GCF_025145645.1, s__Alistipes senegalensis, 95.0, 81.72, 0.152; GCF_900083545.1, s__Alistipes provencensis, 95.0, 81.66, 0.152; GCF_900541585.1, s__Alistipes sp900541585, 95.0, 81.5, 0.154	58.99	11	0.97939	N/A
AH1_2nd_10:bin_000096	d__Bacteria;p__Bacillota_A;c__Clostridia;o__Lachnospirales;f__Lachnospiraceae;g__Eisenbergiella;s__	N/A	N/A	N/A	N/A	N/A	N/A	N/A	N/A	N/A	N/A	d__Bacteria;p__Bacillota_A;c__Clostridia;o__Lachnospirales;f__Lachnospiraceae;g__Eisenbergiella;s__	taxonomic novelty determined using RED	classification based on placement in class-level tree	N/A	47.81	11	0.92293	N/A
AH1_2nd_10:bin_000097	d__Bacteria;p__Bacteroidota;c__Bacteroidia;o__Bacteroidales;f__Tannerellaceae;g__Parabacteroides;s__	N/A	N/A	N/A	N/A	N/A	N/A	N/A	N/A	N/A	N/A	d__Bacteria;p__Bacteroidota;c__Bacteroidia;o__Bacteroidales;f__Tannerellaceae;g__Parabacteroides;s__	taxonomic classification defined by topology and ANI	classification based on placement in class-level tree	GCF_000969835.1, s__Parabacteroides goldsteinii, 95.0, 81.3, 0.174; GCF_014287545.1, s__Parabacteroides segnis, 95.0, 81.02, 0.179; GCF_014647375.1, s__Parabacteroides faecis, 95.0, 80.6, 0.152	52.12	11	0.9767	N/A
AH1_2nd_10:bin_000098	d__Bacteria;p__Bacillota_A;c__Clostridia;o__Lachnospirales;f__Lachnospiraceae;g__Eisenbergiella;s__	N/A	N/A	N/A	N/A	N/A	GCF_001881565.1	95.0	d__Bacteria;p__Bacillota_A;c__Clostridia;o__Lachnospirales;f__Lachnospiraceae;g__Eisenbergiella;s__Eisenbergiella tayi	90.87	0.556	d__Bacteria;p__Bacillota_A;c__Clostridia;o__Lachnospirales;f__Lachnospiraceae;g__Eisenbergiella;s__	taxonomic classification defined by topology and ANI	classification based on placement in class-level tree	GCA_900548905.1, s__Eisenbergiella sp900548905, 95.0, 85.47, 0.182; GCA_022845955.1, s__Eisenbergiella sp003478085, 95.0, 85.42, 0.201	47.67	11	0.99495	Genome not assigned to closest species as it falls outside its pre-defined ANI radius
AH1_2nd_11:bin_000004	d__Bacteria;p__Bacillota_A;c__Clostridia;o__Lachnospirales;f__Lachnospiraceae;g__Hungatella_A;s__	N/A	N/A	N/A	N/A	N/A	N/A	N/A	N/A	N/A	N/A	d__Bacteria;p__Bacillota_A;c__Clostridia;o__Lachnospirales;f__Lachnospiraceae;g__Hungatella_A;s__	taxonomic novelty determined using RED	classification based on placement in class-level tree	N/A	90.8	11	0.93278	N/A
AH1_2nd_11:bin_000005	d__Bacteria;p__Fusobacteriota;c__Fusobacteriia;o__Fusobacteriales;f__Fusobacteriaceae;g__Fusobacterium_A;s__Fusobacterium_A ulcerans	GCF_003019675.1	95.0	d__Bacteria;p__Fusobacteriota;c__Fusobacteriia;o__Fusobacteriales;f__Fusobacteriaceae;g__Fusobacterium_A;s__Fusobacterium_A ulcerans	98.32	0.847	GCF_003019675.1	95.0	d__Bacteria;p__Fusobacteriota;c__Fusobacteriia;o__Fusobacteriales;f__Fusobacteriaceae;g__Fusobacterium_A;s__Fusobacterium_A ulcerans	98.32	0.847	d__Bacteria;p__Fusobacteriota;c__Fusobacteriia;o__Fusobacteriales;f__Fusobacteriaceae;g__Fusobacterium_A;s__	taxonomic classification defined by topology and ANI	topological placement and ANI have congruent species assignments	GCF_900683735.1, s__Fusobacterium_A ulcerans_A, 95.0, 90.91, 0.716; GCA_002356455.1, s__Fusobacterium_A varium_A, 95.0, 89.23, 0.668; GCF_900637705.1, s__Fusobacterium_A varium, 95.0, 87.78, 0.625; GCF_900543175.1, s__Fusobacterium_A sp900543175, 95.69, 81.51, 0.156	91.92	11	N/A	N/A
AH1_2nd_11:bin_000008	d__Bacteria;p__Verrucomicrobiota;c__Verrucomicrobiae;o__Verrucomicrobiales;f__Akkermansiaceae;g__Akkermansia;s__	N/A	N/A	N/A	N/A	N/A	N/A	N/A	N/A	N/A	N/A	d__Bacteria;p__Verrucomicrobiota;c__Verrucomicrobiae;o__Verrucomicrobiales;f__Akkermansiaceae;g__Akkermansia;s__	taxonomic classification defined by topology and ANI	classification based on placement in class-level tree	GCA_021202525.1, s__Akkermansia sp021202525, 95.0, 86.21, 0.55; GCF_026072915.1, s__Akkermansia biwaensis, 95.0, 85.88, 0.523; GCF_004167605.1, s__Akkermansia sp004167605, 95.0, 85.37, 0.471; GCF_023516715.1, s__Akkermansia massiliensis, 95.0, 84.5, 0.419; GCA_947624785.1, s__Akkermansia muciniphila_F, 95.0, 84.42, 0.409; GCF_018709685.1, s__Akkermansia muciniphila_E, 95.0, 84.35, 0.439; GCF_002884975.1, s__Akkermansia muciniphila_C, 95.0, 84.23, 0.432; GCF_020860705.1, s__Akkermansia sp020860705, 95.0, 84.04, 0.384; GCF_030848305.1, s__Akkermansia muciniphila_A, 95.0, 81.77, 0.317; GCF_000020225.1, s__Akkermansia muciniphila, 95.0, 81.7, 0.315; GCA_905200945.1, s__Akkermansia sp905200945, 95.0, 81.47, 0.282	92.87	11	0.98445	Genome not assigned to closest species as it falls outside its pre-defined ANI radius
AH1_2nd_11:bin_000009	d__Bacteria;p__Pseudomonadota;c__Alphaproteobacteria;o__RF32;f__CAG-239;g__Scatocola;s__	N/A	N/A	N/A	N/A	N/A	N/A	N/A	N/A	N/A	N/A	d__Bacteria;p__Pseudomonadota;c__Alphaproteobacteria;o__RF32;f__CAG-239;g__Scatocola;s__	taxonomic classification fully defined by topology	classification based on placement in class-level tree	N/A	93.07	11	0.96119	N/A
AH1_2nd_11:bin_000028	d__Bacteria;p__Bacteroidota;c__Bacteroidia;o__Bacteroidales;f__Bacteroidaceae;g__Bacteroides;s__	N/A	N/A	N/A	N/A	N/A	N/A	N/A	N/A	N/A	N/A	d__Bacteria;p__Bacteroidota;c__Bacteroidia;o__Bacteroidales;f__Bacteroidaceae;g__Bacteroides;s__	taxonomic classification fully defined by topology	classification based on placement in class-level tree	N/A	72.12	11	0.95725	N/A
AH1_2nd_12:bin_000001	d__Bacteria;p__Pseudomonadota;c__Gammaproteobacteria;o__Pseudomonadales;f__Moraxellaceae;g__Acinetobacter;s__Acinetobacter johnsonii	GCF_000368045.1	95.0	d__Bacteria;p__Pseudomonadota;c__Gammaproteobacteria;o__Pseudomonadales;f__Moraxellaceae;g__Acinetobacter;s__Acinetobacter johnsonii	96.19	0.781	GCF_000368045.1	95.0	d__Bacteria;p__Pseudomonadota;c__Gammaproteobacteria;o__Pseudomonadales;f__Moraxellaceae;g__Acinetobacter;s__Acinetobacter johnsonii	96.19	0.781	d__Bacteria;p__Pseudomonadota;c__Gammaproteobacteria;o__Pseudomonadales;f__Moraxellaceae;g__Acinetobacter;s__	taxonomic classification defined by topology and ANI	topological placement and ANI have congruent species assignments	GCF_002165305.2, s__Acinetobacter sp002165305, 95.0, 93.04, 0.727; GCF_002135205.1, s__Acinetobacter sp002135205, 95.0, 90.0, 0.632; GCF_004331175.1, s__Acinetobacter sp004331175, 95.0, 82.17, 0.151	97.91	11	N/A	N/A
AH1_2nd_12:bin_000007	d__Bacteria;p__Bacillota_A;c__Clostridia;o__Lachnospirales;f__Lachnospiraceae;g__;s__	N/A	N/A	N/A	N/A	N/A	N/A	N/A	N/A	N/A	N/A	d__Bacteria;p__Bacillota_A;c__Clostridia;o__Lachnospirales;f__Lachnospiraceae;g__;s__	taxonomic classification fully defined by topology	classification based on placement in class-level tree	N/A	93.96	11	0.80331	N/A
AH1_2nd_12:bin_000008	d__Bacteria;p__Bacillota;c__Bacilli;o__Lactobacillales;f__Streptococcaceae;g__Lactococcus;s__Lactococcus formosensis	GCF_018403745.1	95.0	d__Bacteria;p__Bacillota;c__Bacilli;o__Lactobacillales;f__Streptococcaceae;g__Lactococcus;s__Lactococcus formosensis	97.77	0.863	GCF_018403745.1	95.0	d__Bacteria;p__Bacillota;c__Bacilli;o__Lactobacillales;f__Streptococcaceae;g__Lactococcus;s__Lactococcus formosensis	97.77	0.863	d__Bacteria;p__Bacillota;c__Bacilli;o__Lactobacillales;f__Streptococcaceae;g__Lactococcus;s__	taxonomic classification defined by topology and ANI	topological placement and ANI have congruent species assignments	GCF_002154895.1, s__Lactococcus petauri, 95.0, 92.15, 0.786; GCF_029024465.1, s__Lactococcus garvieae, 95.0, 90.56, 0.724; GCF_934191625.1, s__Lactococcus sp934191625, 95.0, 89.62, 0.723; GCF_943192955.1, s__Lactococcus muris, 95.0, 84.08, 0.284; GCF_943193185.1, s__Lactococcus ileimucosae, 95.0, 83.03, 0.291; GCF_016027715.1, s__Lactococcus garvieae_A, 95.0, 82.47, 0.296	95.51	11	N/A	N/A
AH1_2nd_12:bin_000009	d__Bacteria;p__Bacteroidota;c__Bacteroidia;o__Bacteroidales;f__Rikenellaceae;g__Alistipes;s__	N/A	N/A	N/A	N/A	N/A	N/A	N/A	N/A	N/A	N/A	d__Bacteria;p__Bacteroidota;c__Bacteroidia;o__Bacteroidales;f__Rikenellaceae;g__Alistipes;s__	taxonomic classification defined by topology and ANI	classification based on placement in class-level tree	GCF_021204515.1, s__Alistipes sp021204515, 95.0, 88.64, 0.506; GCA_934754975.1, s__Alistipes sp934754975, 95.0, 88.62, 0.536; GCF_000265365.1, s__Alistipes finegoldii, 95.0, 88.08, 0.479; GCF_902388705.1, s__Alistipes sp902388705, 95.0, 83.08, 0.29; GCF_025145285.1, s__Alistipes onderdonkii, 95.0, 83.07, 0.257; GCF_900541585.1, s__Alistipes sp900541585, 95.0, 81.51, 0.18; GCF_025145645.1, s__Alistipes senegalensis, 95.0, 81.37, 0.154; GCF_949296715.1, s__Alistipes sp949296715, 95.0, 80.58, 0.173; GCF_020026455.1, s__Alistipes sp020026455, 95.0, 80.42, 0.156; GCA_900553175.1, s__Alistipes sp900553175, 95.0, 80.23, 0.162; GCA_019119845.1, s__Alistipes merdavium, 95.0, 80.21, 0.158	94.36	11	0.99381	Genome not assigned to closest species as it falls outside its pre-defined ANI radius
AH1_2nd_12:bin_000012	d__Bacteria;p__Campylobacterota;c__Campylobacteria;o__Campylobacterales;f__Helicobacteraceae;g__Helicobacter_J;s__	N/A	N/A	N/A	N/A	N/A	N/A	N/A	N/A	N/A	N/A	d__Bacteria;p__Campylobacterota;c__Campylobacteria;o__Campylobacterales;f__Helicobacteraceae;g__Helicobacter_J;s__	taxonomic classification defined by topology and ANI	classification based on placement in class-level tree	GCF_030688855.1, s__Helicobacter_J sp030688855, 95.0, 79.98, 0.288; GCF_002272795.1, s__Helicobacter_J sp002272795, 95.0, 79.13, 0.187	93.6	11	0.93291	N/A
AH1_2nd_12:bin_000014	d__Bacteria;p__Bacillota_A;c__Clostridia;o__Lachnospirales;f__Lachnospiraceae;g__Velocimicrobium;s__	N/A	N/A	N/A	N/A	N/A	N/A	N/A	N/A	N/A	N/A	d__Bacteria;p__Bacillota_A;c__Clostridia;o__Lachnospirales;f__Lachnospiraceae;g__Velocimicrobium;s__	taxonomic classification fully defined by topology	classification based on placement in class-level tree	N/A	92.35	11	0.89529	N/A
AH1_2nd_12:bin_000015	d__Bacteria;p__Bacillota_I;c__Bacilli_A;o__Erysipelotrichales;f__Coprobacillaceae;g__Thomasclavelia;s__	N/A	N/A	N/A	N/A	N/A	GCF_014131695.1	95.0	d__Bacteria;p__Bacillota_I;c__Bacilli_A;o__Erysipelotrichales;f__Coprobacillaceae;g__Thomasclavelia;s__Thomasclavelia ramosa	81.15	0.236	d__Bacteria;p__Bacillota_I;c__Bacilli_A;o__Erysipelotrichales;f__Coprobacillaceae;g__Thomasclavelia;s__	taxonomic classification defined by topology and ANI	classification based on placement in class-level tree	GCF_900102365.1, s__Thomasclavelia cocleata, 95.0, 79.9, 0.151	92.21	11	0.96189	N/A
AH1_2nd_12:bin_000018	d__Bacteria;p__Bacteroidota;c__Bacteroidia;o__Bacteroidales;f__Rikenellaceae;g__Alistipes;s__	N/A	N/A	N/A	N/A	N/A	N/A	N/A	N/A	N/A	N/A	d__Bacteria;p__Bacteroidota;c__Bacteroidia;o__Bacteroidales;f__Rikenellaceae;g__Alistipes;s__	taxonomic classification defined by topology and ANI	classification based on placement in class-level tree	GCF_900541585.1, s__Alistipes sp900541585, 95.0, 86.46, 0.356; GCF_025145845.1, s__Alistipes shahii, 95.0, 85.94, 0.324; GCF_900083545.1, s__Alistipes provencensis, 95.0, 85.8, 0.321; GCF_025145645.1, s__Alistipes senegalensis, 95.0, 85.46, 0.309; GCA_001941065.1, s__Alistipes sp001941065, 95.0, 85.43, 0.279; GCF_018362775.1, s__Alistipes montrealensis, 95.0, 85.34, 0.33; GCF_900107675.1, s__Alistipes timonensis, 95.0, 85.3, 0.292; GCA_023443765.1, s__Alistipes sp023443765, 95.0, 84.95, 0.304; GCA_949840605.1, s__Alistipes sp949840605, 95.0, 84.89, 0.258; GCF_020026455.1, s__Alistipes sp020026455, 95.0, 84.06, 0.264; GCA_019119845.1, s__Alistipes merdavium, 95.0, 83.16, 0.177; GCF_006542685.1, s__Alistipes dispar, 95.0, 83.0, 0.159; GCF_949296715.1, s__Alistipes sp949296715, 95.0, 82.9, 0.197; GCA_944321185.1, s__Alistipes sp944321185, 95.0, 82.16, 0.156; GCA_900553175.1, s__Alistipes sp900553175, 95.0, 81.95, 0.155	90.13	11	0.98091	N/A
AH1_2nd_12:bin_000019	d__Bacteria;p__Bacillota_A;c__Clostridia;o__Lachnospirales;f__Lachnospiraceae;g__;s__	N/A	N/A	N/A	N/A	N/A	N/A	N/A	N/A	N/A	N/A	d__Bacteria;p__Bacillota_A;c__Clostridia;o__Lachnospirales;f__Lachnospiraceae;g__;s__	taxonomic novelty determined using RED	classification based on placement in class-level tree	N/A	90.9	11	0.86179	N/A
AH1_2nd_12:bin_000041	d__Bacteria;p__Bacillota_I;c__Bacilli_A;o__Mycoplasmatales;f__Mycoplasmoidaceae;g__Mycoplasmoides;s__	N/A	N/A	N/A	N/A	N/A	N/A	N/A	N/A	N/A	N/A	d__Bacteria;p__Bacillota_I;c__Bacilli_A;o__Mycoplasmatales;f__Mycoplasmoidaceae;g__Mycoplasmoides;s__	taxonomic classification fully defined by topology	classification based on placement in class-level tree	N/A	79.46	4	0.86201	N/A
AH1_2nd_12:bin_000044	d__Bacteria;p__Bacteroidota;c__Bacteroidia;o__Bacteroidales;f__Tannerellaceae;g__Parabacteroides;s__Parabacteroides distasonis	GCF_000012845.1	95.0	d__Bacteria;p__Bacteroidota;c__Bacteroidia;o__Bacteroidales;f__Tannerellaceae;g__Parabacteroides;s__Parabacteroides distasonis	98.91	0.864	GCF_000012845.1	95.0	d__Bacteria;p__Bacteroidota;c__Bacteroidia;o__Bacteroidales;f__Tannerellaceae;g__Parabacteroides;s__Parabacteroides distasonis	98.91	0.864	d__Bacteria;p__Bacteroidota;c__Bacteroidia;o__Bacteroidales;f__Tannerellaceae;g__Parabacteroides;s__	taxonomic classification defined by topology and ANI	topological placement and ANI have congruent species assignments	GCF_004793765.1, s__Parabacteroides distasonis_A, 95.0, 94.06, 0.623; GCF_011038785.1, s__Parabacteroides sp011038785, 95.0, 90.25, 0.571; GCA_028689545.1, s__Parabacteroides sp028689545, 95.0, 90.05, 0.6; GCF_947855115.1, s__Parabacteroides sp947855115, 95.0, 87.83, 0.552	78.83	11	N/A	N/A
AH1_2nd_12:bin_000056	d__Bacteria;p__Bacillota_A;c__Clostridia;o__Lachnospirales;f__Lachnospiraceae;g__Enterocloster;s__	N/A	N/A	N/A	N/A	N/A	GCF_009696375.1	95.0	d__Bacteria;p__Bacillota_A;c__Clostridia;o__Lachnospirales;f__Lachnospiraceae;g__Enterocloster;s__Enterocloster porci	N/A	N/A	d__Bacteria;p__Bacillota_A;c__Clostridia;o__Lachnospirales;f__Lachnospiraceae;g__Enterocloster;s__	taxonomic classification defined by topology and ANI	classification based on placement in class-level tree	GCA_001304855.1, s__Enterocloster sp001304855, 95.0, 82.48, 0.169	63.24	11	0.97594	N/A
AH1_2nd_12:bin_000059	d__Bacteria;p__Cyanobacteriota;c__Vampirovibrionia;o__Gastranaerophilales;f__Gastranaerophilaceae;g__Limenecus;s__	N/A	N/A	N/A	N/A	N/A	N/A	N/A	N/A	N/A	N/A	d__Bacteria;p__Cyanobacteriota;c__Vampirovibrionia;o__Gastranaerophilales;f__Gastranaerophilaceae;g__Limenecus;s__	taxonomic classification fully defined by topology	classification based on placement in class-level tree	N/A	62.05	11	0.94446	N/A
AH1_2nd_12:bin_000063	d__Bacteria;p__Bacillota_A;c__Clostridia;o__Lachnospirales;f__Lachnospiraceae;g__CHH4-2;s__	N/A	N/A	N/A	N/A	N/A	N/A	N/A	N/A	N/A	N/A	d__Bacteria;p__Bacillota_A;c__Clostridia;o__Lachnospirales;f__Lachnospiraceae;g__CHH4-2;s__	taxonomic novelty determined using RED	classification based on placement in class-level tree	N/A	54.34	11	0.91487	N/A
AH1_2nd_13:bin_000004	d__Bacteria;p__Bacillota_A;c__Clostridia;o__Lachnospirales;f__Lachnospiraceae;g__;s__	N/A	N/A	N/A	N/A	N/A	N/A	N/A	N/A	N/A	N/A	d__Bacteria;p__Bacillota_A;c__Clostridia;o__Lachnospirales;f__Lachnospiraceae;g__;s__	taxonomic novelty determined using RED	classification based on placement in class-level tree	N/A	94.18	11	0.81388	N/A
AH1_2nd_13:bin_000011	d__Bacteria;p__Pseudomonadota;c__Alphaproteobacteria;o__RF32;f__CAG-239;g__MGBC133411;s__	N/A	N/A	N/A	N/A	N/A	N/A	N/A	N/A	N/A	N/A	d__Bacteria;p__Pseudomonadota;c__Alphaproteobacteria;o__RF32;f__CAG-239;g__MGBC133411;s__	taxonomic classification fully defined by topology	classification based on placement in class-level tree	N/A	93.84	11	0.90253	N/A
AH1_2nd_13:bin_000025	d__Bacteria;p__Bacillota_A;c__Clostridia;o__Christensenellales;f__UBA3700;g__;s__	N/A	N/A	N/A	N/A	N/A	N/A	N/A	N/A	N/A	N/A	d__Bacteria;p__Bacillota_A;c__Clostridia;o__Christensenellales;f__UBA3700;g__;s__	taxonomic novelty determined using RED	classification based on placement in class-level tree	N/A	91.06	11	0.83389	N/A
AH1_2nd_13:bin_000029	d__Bacteria;p__Pseudomonadota;c__Alphaproteobacteria;o__UBA3830;f__;g__;s__	N/A	N/A	N/A	N/A	N/A	N/A	N/A	N/A	N/A	N/A	d__Bacteria;p__Pseudomonadota;c__Alphaproteobacteria;o__UBA3830;f__;g__;s__	taxonomic novelty determined using RED	classification based on placement in class-level tree	N/A	89.63	11	0.71346	N/A
AH1_2nd_13:bin_000037	d__Bacteria;p__Bacteroidota;c__Bacteroidia;o__Bacteroidales;f__Marinifilaceae;g__Odoribacter;s__	N/A	N/A	N/A	N/A	N/A	N/A	N/A	N/A	N/A	N/A	d__Bacteria;p__Bacteroidota;c__Bacteroidia;o__Bacteroidales;f__Marinifilaceae;g__Odoribacter;s__	taxonomic classification fully defined by topology	classification based on placement in class-level tree	N/A	86.16	11	0.94481	N/A
AH1_2nd_13:bin_000049	d__Bacteria;p__Bacillota_A;c__Clostridia;o__Christensenellales;f__UBA3700;g__;s__	N/A	N/A	N/A	N/A	N/A	N/A	N/A	N/A	N/A	N/A	d__Bacteria;p__Bacillota_A;c__Clostridia;o__Christensenellales;f__UBA3700;g__;s__	taxonomic novelty determined using RED	classification based on placement in class-level tree	N/A	79.74	11	0.82533	N/A
AH1_2nd_13:bin_000050	d__Bacteria;p__Bacillota_A;c__Clostridia;o__Oscillospirales;f__Ruminococcaceae;g__;s__	N/A	N/A	N/A	N/A	N/A	N/A	N/A	N/A	N/A	N/A	d__Bacteria;p__Bacillota_A;c__Clostridia;o__Oscillospirales;f__Ruminococcaceae;g__;s__	taxonomic novelty determined using RED	classification based on placement in class-level tree	N/A	78.05	11	0.85842	N/A
AH1_2nd_13:bin_000055	d__Bacteria;p__Bacteroidota;c__Bacteroidia;o__Bacteroidales;f__Bacteroidaceae;g__Bacteroides;s__Bacteroides fragilis_B	GCF_019583405.1	95.0	d__Bacteria;p__Bacteroidota;c__Bacteroidia;o__Bacteroidales;f__Bacteroidaceae;g__Bacteroides;s__Bacteroides fragilis_B	98.72	0.878	GCF_019583405.1	95.0	d__Bacteria;p__Bacteroidota;c__Bacteroidia;o__Bacteroidales;f__Bacteroidaceae;g__Bacteroides;s__Bacteroides fragilis_B	98.72	0.878	d__Bacteria;p__Bacteroidota;c__Bacteroidia;o__Bacteroidales;f__Bacteroidaceae;g__Bacteroides;s__	taxonomic classification defined by topology and ANI	topological placement and ANI have congruent species assignments	GCF_014288095.1, s__Bacteroides hominis, 95.0, 94.08, 0.742; GCF_000025985.1, s__Bacteroides fragilis, 95.0, 91.45, 0.694; GCA_947646015.1, s__Bacteroides sp947646015, 95.0, 89.47, 0.262	77.62	11	N/A	N/A
AH1_2nd_14:bin_000003	d__Bacteria;p__Bacillota_A;c__Clostridia;o__Lachnospirales;f__Lachnospiraceae;g__Hungatella_A;s__	N/A	N/A	N/A	N/A	N/A	GCF_000235505.1	95.0	d__Bacteria;p__Bacillota_A;c__Clostridia;o__Lachnospirales;f__Lachnospiraceae;g__Hungatella_A;s__Hungatella_A hathewayi_A	82.04	0.231	d__Bacteria;p__Bacillota_A;c__Clostridia;o__Lachnospirales;f__Lachnospiraceae;g__Hungatella_A;s__	taxonomic classification defined by topology and ANI	classification based on placement in class-level tree	N/A	93.9	11	0.97521	N/A
AH1_2nd_14:bin_000005	d__Bacteria;p__Bacillota_A;c__Clostridia;o__Lachnospirales;f__Lachnospiraceae;g__;s__	N/A	N/A	N/A	N/A	N/A	N/A	N/A	N/A	N/A	N/A	d__Bacteria;p__Bacillota_A;c__Clostridia;o__Lachnospirales;f__Lachnospiraceae;g__;s__	taxonomic classification fully defined by topology	classification based on placement in class-level tree	N/A	93.39	11	0.80414	N/A
AH1_2nd_14:bin_000014	d__Bacteria;p__Bacillota_A;c__Clostridia;o__Oscillospirales;f__Oscillospiraceae;g__Vermiculatibacterium;s__	N/A	N/A	N/A	N/A	N/A	GCA_022846075.1	95.0	d__Bacteria;p__Bacillota_A;c__Clostridia;o__Oscillospirales;f__Oscillospiraceae;g__Vermiculatibacterium;s__Vermiculatibacterium sp900543935	85.54	0.302	d__Bacteria;p__Bacillota_A;c__Clostridia;o__Oscillospirales;f__Oscillospiraceae;g__Vermiculatibacterium;s__	taxonomic classification defined by topology and ANI	classification based on placement in class-level tree	GCA_947425785.1, s__Vermiculatibacterium sp947425785, 95.0, 82.16, 0.161	90.33	11	0.9758	N/A
AH1_2nd_14:bin_000015	d__Bacteria;p__Bacillota_A;c__Clostridia;o__Christensenellales;f__UBA3700;g__;s__	N/A	N/A	N/A	N/A	N/A	N/A	N/A	N/A	N/A	N/A	d__Bacteria;p__Bacillota_A;c__Clostridia;o__Christensenellales;f__UBA3700;g__;s__	taxonomic novelty determined using RED	classification based on placement in class-level tree	N/A	90.84	11	0.82986	N/A
AH1_2nd_14:bin_000020	d__Bacteria;p__Bacillota_A;c__Clostridia;o__Oscillospirales;f__Acutalibacteraceae;g__CASPLG01;s__	N/A	N/A	N/A	N/A	N/A	N/A	N/A	N/A	N/A	N/A	d__Bacteria;p__Bacillota_A;c__Clostridia;o__Oscillospirales;f__Acutalibacteraceae;g__CASPLG01;s__	taxonomic novelty determined using RED	classification based on placement in class-level tree	N/A	91.14	11	0.91428	N/A
AH1_2nd_14:bin_000027	d__Bacteria;p__Bacillota_A;c__Clostridia;o__Peptostreptococcales;f__Anaerovoracaceae;g__Emergencia;s__	N/A	N/A	N/A	N/A	N/A	N/A	N/A	N/A	N/A	N/A	d__Bacteria;p__Bacillota_A;c__Clostridia;o__Peptostreptococcales;f__Anaerovoracaceae;g__Emergencia;s__	taxonomic classification fully defined by topology	classification based on placement in class-level tree	N/A	86.53	11	0.96504	N/A
AH1_2nd_14:bin_000032	d__Bacteria;p__Bacillota_C;c__Negativicutes;o__Selenomonadales;f__ICN-92133;g__;s__	N/A	N/A	N/A	N/A	N/A	N/A	N/A	N/A	N/A	N/A	d__Bacteria;p__Bacillota_C;c__Negativicutes;o__Selenomonadales;f__ICN-92133;g__;s__	taxonomic novelty determined using RED	classification based on placement in class-level tree	N/A	85.4	11	0.81241	N/A
AH1_2nd_14:bin_000047	d__Bacteria;p__Bacteroidota;c__Bacteroidia;o__Bacteroidales;f__Bacteroidaceae;g__Bacteroides;s__	N/A	N/A	N/A	N/A	N/A	N/A	N/A	N/A	N/A	N/A	d__Bacteria;p__Bacteroidota;c__Bacteroidia;o__Bacteroidales;f__Bacteroidaceae;g__Bacteroides;s__	taxonomic classification fully defined by topology	classification based on placement in class-level tree	N/A	77.0	11	0.97815	N/A
AH1_2nd_14:bin_000052	d__Bacteria;p__Bacteroidota;c__Bacteroidia;o__Bacteroidales;f__Bacteroidaceae;g__Bacteroides;s__	N/A	N/A	N/A	N/A	N/A	N/A	N/A	N/A	N/A	N/A	d__Bacteria;p__Bacteroidota;c__Bacteroidia;o__Bacteroidales;f__Bacteroidaceae;g__Bacteroides;s__	taxonomic classification fully defined by topology	classification based on placement in class-level tree	N/A	76.54	11	0.95768	N/A
AH1_2nd_14:bin_000063	d__Bacteria;p__Bacillota_A;c__Clostridia;o__Lachnospirales;f__Lachnospiraceae;g__Blautia_A;s__	N/A	N/A	N/A	N/A	N/A	GCA_030524175.1	95.0	d__Bacteria;p__Bacillota_A;c__Clostridia;o__Lachnospirales;f__Lachnospiraceae;g__Blautia_A;s__Blautia_A sp030524175	84.93	0.271	d__Bacteria;p__Bacillota_A;c__Clostridia;o__Lachnospirales;f__Lachnospiraceae;g__Blautia_A;s__	taxonomic classification defined by topology and ANI	classification based on placement in class-level tree	N/A	65.24	11	0.9887	N/A
AH1_2nd_14:bin_000070	d__Bacteria;p__Bacillota_A;c__Clostridia;o__Oscillospirales;f__Oscillospiraceae;g__Intestinimonas;s__	N/A	N/A	N/A	N/A	N/A	N/A	N/A	N/A	N/A	N/A	d__Bacteria;p__Bacillota_A;c__Clostridia;o__Oscillospirales;f__Oscillospiraceae;g__Intestinimonas;s__	taxonomic classification fully defined by topology	classification based on placement in class-level tree	N/A	52.65	11	0.94474	N/A
AH1_2nd_15:bin_000001	d__Bacteria;p__Pseudomonadota;c__Alphaproteobacteria;o__Rhizobiales;f__Rhizobiaceae;g__Agrobacterium;s__Agrobacterium burrii	GCF_017313405.1	95.0	d__Bacteria;p__Pseudomonadota;c__Alphaproteobacteria;o__Rhizobiales;f__Rhizobiaceae;g__Agrobacterium;s__Agrobacterium burrii	98.2	0.961	GCF_017313405.1	95.0	d__Bacteria;p__Pseudomonadota;c__Alphaproteobacteria;o__Rhizobiales;f__Rhizobiaceae;g__Agrobacterium;s__Agrobacterium burrii	98.2	0.961	d__Bacteria;p__Pseudomonadota;c__Alphaproteobacteria;o__Rhizobiales;f__Rhizobiaceae;g__Agrobacterium;s__	taxonomic classification defined by topology and ANI	topological placement and ANI have congruent species assignments	GCF_030036535.1, s__Agrobacterium cucumeris, 95.0, 93.01, 0.846; GCF_005221385.1, s__Agrobacterium tomkonis, 95.0, 92.79, 0.852; GCA_002005205.3, s__Agrobacterium rhizogenes_A, 95.0, 90.98, 0.817; GCF_015704895.1, s__Agrobacterium leguminum, 95.0, 89.48, 0.753; GCA_025560025.1, s__Agrobacterium sp900012615, 95.0, 89.24, 0.733; GCF_027212525.1, s__Agrobacterium tumefaciens_I, 95.0, 89.2, 0.73; GCF_001541315.1, s__Agrobacterium tumefaciens, 95.0, 89.12, 0.736; GCF_029840625.1, s__Agrobacterium fabrum_A, 95.0, 89.06, 0.731; GCF_010669145.1, s__Agrobacterium oryzihabitans, 95.0, 89.02, 0.718; GCF_027460065.1, s__Agrobacterium rhizogenes_C, 95.0, 88.95, 0.716; GCF_005221325.1, s__Agrobacterium sp900012625, 95.0, 88.95, 0.709; GCF_000949865.1, s__Agrobacterium nepotum, 95.0, 88.88, 0.662; GCF_000092025.1, s__Agrobacterium fabrum, 95.0, 88.85, 0.71; GCA_000949895.1, s__Agrobacterium arsenijevicii, 95.0, 88.79, 0.702; GCF_002008225.1, s__Agrobacterium salinitolerans, 95.0, 88.53, 0.682; GCA_023444445.1, s__Agrobacterium sp023444445, 95.0, 88.05, 0.669; GCF_009649785.1, s__Agrobacterium fabacearum, 95.0, 88.04, 0.684; GCF_900102105.1, s__Agrobacterium pusense, 95.0, 87.41, 0.654; GCF_017726655.1, s__Agrobacterium tumefaciens_B, 95.0, 86.5, 0.545; GCF_025559845.1, s__Agrobacterium sp005938205, 95.0, 81.51, 0.247	97.06	11	N/A	N/A
AH1_2nd_15:bin_000002	d__Bacteria;p__Cyanobacteriota;c__Vampirovibrionia;o__Gastranaerophilales;f__Gastranaerophilaceae;g__Limenecus;s__	N/A	N/A	N/A	N/A	N/A	N/A	N/A	N/A	N/A	N/A	d__Bacteria;p__Cyanobacteriota;c__Vampirovibrionia;o__Gastranaerophilales;f__Gastranaerophilaceae;g__Limenecus;s__	taxonomic classification fully defined by topology	classification based on placement in class-level tree	N/A	95.79	11	0.93462	N/A
AH1_2nd_15:bin_000004	d__Bacteria;p__Bacillota_A;c__Clostridia;o__Lachnospirales;f__Lachnospiraceae;g__UMGS1251;s__	N/A	N/A	N/A	N/A	N/A	GCA_900549995.1	95.0	d__Bacteria;p__Bacillota_A;c__Clostridia;o__Lachnospirales;f__Lachnospiraceae;g__UMGS1251;s__UMGS1251 sp900549995	80.95	0.158	d__Bacteria;p__Bacillota_A;c__Clostridia;o__Lachnospirales;f__Lachnospiraceae;g__UMGS1251;s__	taxonomic classification defined by topology and ANI	classification based on placement in class-level tree	N/A	92.23	11	0.9741	N/A
AH1_2nd_15:bin_000009	d__Bacteria;p__Bacillota_A;c__Clostridia;o__Lachnospirales;f__Lachnospiraceae;g__Acetatifactor;s__	N/A	N/A	N/A	N/A	N/A	N/A	N/A	N/A	N/A	N/A	d__Bacteria;p__Bacillota_A;c__Clostridia;o__Lachnospirales;f__Lachnospiraceae;g__Acetatifactor;s__	taxonomic classification fully defined by topology	classification based on placement in class-level tree	N/A	91.62	11	0.92616	N/A
AH1_2nd_15:bin_000013	d__Bacteria;p__Bacillota_A;c__Clostridia;o__Lachnospirales;f__Lachnospiraceae;g__Brotaphodocola;s__	N/A	N/A	N/A	N/A	N/A	N/A	N/A	N/A	N/A	N/A	d__Bacteria;p__Bacillota_A;c__Clostridia;o__Lachnospirales;f__Lachnospiraceae;g__Brotaphodocola;s__	taxonomic classification fully defined by topology	classification based on placement in class-level tree	N/A	86.65	11	0.94599	N/A
AH1_2nd_15:bin_000021	d__Bacteria;p__Bacteroidota;c__Bacteroidia;o__Bacteroidales;f__Bacteroidaceae;g__;s__	N/A	N/A	N/A	N/A	N/A	N/A	N/A	N/A	N/A	N/A	d__Bacteria;p__Bacteroidota;c__Bacteroidia;o__Bacteroidales;f__Bacteroidaceae;g__;s__	taxonomic novelty determined using RED	classification based on placement in class-level tree	N/A	88.2	11	0.89557	N/A
AH1_2nd_15:bin_000025	d__Bacteria;p__Bacteroidota;c__Bacteroidia;o__Bacteroidales;f__Bacteroidaceae;g__Phocaeicola;s__	N/A	N/A	N/A	N/A	N/A	GCA_902388365.1	95.0	d__Bacteria;p__Bacteroidota;c__Bacteroidia;o__Bacteroidales;f__Bacteroidaceae;g__Phocaeicola;s__Phocaeicola sp902388365	80.82	0.162	d__Bacteria;p__Bacteroidota;c__Bacteroidia;o__Bacteroidales;f__Bacteroidaceae;g__Phocaeicola;s__	taxonomic classification defined by topology and ANI	classification based on placement in class-level tree	N/A	81.11	11	0.96551	N/A
AH1_2nd_15:bin_000043	d__Bacteria;p__Bacteroidota;c__Bacteroidia;o__Bacteroidales;f__Bacteroidaceae;g__Bacteroides;s__	N/A	N/A	N/A	N/A	N/A	GCF_900547205.1	95.0	d__Bacteria;p__Bacteroidota;c__Bacteroidia;o__Bacteroidales;f__Bacteroidaceae;g__Bacteroides;s__Bacteroides sp900547205	N/A	N/A	d__Bacteria;p__Bacteroidota;c__Bacteroidia;o__Bacteroidales;f__Bacteroidaceae;g__Bacteroides;s__	taxonomic classification defined by topology and ANI	classification based on placement in class-level tree	GCF_000011065.1, s__Bacteroides thetaiotaomicron, 95.0, 80.11, 0.163; GCA_019412825.1, s__Bacteroides thetaiotaomicron_A, 95.0, 79.99, 0.154	64.99	11	0.97739	N/A
AH1_2nd_15:bin_000050	d__Bacteria;p__Bacillota;c__Bacilli;o__Lactobacillales;f__Streptococcaceae;g__Lactococcus;s__Lactococcus lactis	GCF_029023865.1	95.0	d__Bacteria;p__Bacillota;c__Bacilli;o__Lactobacillales;f__Streptococcaceae;g__Lactococcus;s__Lactococcus lactis	98.21	0.52	GCF_029023865.1	95.0	d__Bacteria;p__Bacillota;c__Bacilli;o__Lactobacillales;f__Streptococcaceae;g__Lactococcus;s__Lactococcus lactis	98.21	0.52	d__Bacteria;p__Bacillota;c__Bacilli;o__Lactobacillales;f__Streptococcaceae;g__Lactococcus;s__	taxonomic classification defined by topology and ANI	topological placement and ANI have congruent species assignments	GCF_001591705.1, s__Lactococcus cremoris, 95.0, 89.39, 0.244	49.28	11	N/A	N/A
AH1_2nd_16:bin_000008	d__Bacteria;p__Bacillota_A;c__Clostridia;o__Lachnospirales;f__;g__;s__	N/A	N/A	N/A	N/A	N/A	N/A	N/A	N/A	N/A	N/A	d__Bacteria;p__Bacillota_A;c__Clostridia;o__Lachnospirales;f__;g__;s__	taxonomic classification fully defined by topology	classification based on placement in class-level tree	N/A	95.15	11	0.59769	N/A
AH1_2nd_16:bin_000011	d__Bacteria;p__Bacillota_A;c__Clostridia;o__Lachnospirales;f__Anaerotignaceae;g__;s__	N/A	N/A	N/A	N/A	N/A	N/A	N/A	N/A	N/A	N/A	d__Bacteria;p__Bacillota_A;c__Clostridia;o__Lachnospirales;f__Anaerotignaceae;g__;s__	taxonomic classification fully defined by topology	classification based on placement in class-level tree	N/A	94.66	11	0.8039	N/A
AH1_2nd_16:bin_000018	d__Bacteria;p__Bacillota_A;c__Clostridia;o__Christensenellales;f__UBA3700;g__;s__	N/A	N/A	N/A	N/A	N/A	N/A	N/A	N/A	N/A	N/A	d__Bacteria;p__Bacillota_A;c__Clostridia;o__Christensenellales;f__UBA3700;g__;s__	taxonomic classification fully defined by topology	classification based on placement in class-level tree	N/A	92.43	11	0.81022	N/A
AH1_2nd_16:bin_000019	d__Bacteria;p__Bacteroidota;c__Bacteroidia;o__Bacteroidales;f__Rikenellaceae;g__Alistipes;s__	N/A	N/A	N/A	N/A	N/A	GCA_947178025.1	95.0	d__Bacteria;p__Bacteroidota;c__Bacteroidia;o__Bacteroidales;f__Rikenellaceae;g__Alistipes;s__Alistipes sp947178025	81.89	0.174	d__Bacteria;p__Bacteroidota;c__Bacteroidia;o__Bacteroidales;f__Rikenellaceae;g__Alistipes;s__	taxonomic classification defined by topology and ANI	classification based on placement in class-level tree	GCF_949296715.1, s__Alistipes sp949296715, 95.0, 81.54, 0.171; GCF_025145845.1, s__Alistipes shahii, 95.0, 81.32, 0.165; GCA_900553175.1, s__Alistipes sp900553175, 95.0, 81.12, 0.16; GCA_019119845.1, s__Alistipes merdavium, 95.0, 80.83, 0.168; GCA_902362705.1, s__Alistipes sp002358415, 95.0, 80.56, 0.152; GCF_025145645.1, s__Alistipes senegalensis, 95.0, 80.53, 0.154; GCF_900083545.1, s__Alistipes provencensis, 95.0, 80.27, 0.15	90.55	11	0.9729	N/A
AH1_2nd_16:bin_000020	d__Bacteria;p__Desulfobacterota;c__Desulfovibrionia;o__Desulfovibrionales;f__Desulfovibrionaceae;g__Bilophila;s__	N/A	N/A	N/A	N/A	N/A	GCA_019114025.1	95.0	d__Bacteria;p__Desulfobacterota;c__Desulfovibrionia;o__Desulfovibrionales;f__Desulfovibrionaceae;g__Bilophila;s__Bilophila faecipullorum	90.65	0.566	d__Bacteria;p__Desulfobacterota;c__Desulfovibrionia;o__Desulfovibrionales;f__Desulfovibrionaceae;g__Bilophila;s__	taxonomic classification defined by topology and ANI	classification based on placement in class-level tree	GCA_900550745.1, s__Bilophila sp900550745, 95.0, 84.73, 0.189; GCA_959604115.1, s__Bilophila sp959604115, 95.0, 84.19, 0.191; GCF_902373525.1, s__Bilophila sp902373525, 95.0, 83.77, 0.226; GCA_900553145.1, s__Bilophila sp900553145, 95.0, 82.62, 0.166; GCF_000701705.1, s__Bilophila wadsworthia, 95.0, 82.5, 0.173	91.18	11	0.99048	Genome not assigned to closest species as it falls outside its pre-defined ANI radius
AH1_2nd_16:bin_000023	d__Bacteria;p__Bacillota_A;c__Clostridia;o__Christensenellales;f__UBA3700;g__;s__	N/A	N/A	N/A	N/A	N/A	N/A	N/A	N/A	N/A	N/A	d__Bacteria;p__Bacillota_A;c__Clostridia;o__Christensenellales;f__UBA3700;g__;s__	taxonomic novelty determined using RED	classification based on placement in class-level tree	N/A	89.95	11	0.82743	N/A
AH1_2nd_16:bin_000025	d__Bacteria;p__Bacillota_A;c__Clostridia;o__Oscillospirales;f__Ruminococcaceae;g__Negativibacillus;s__	N/A	N/A	N/A	N/A	N/A	N/A	N/A	N/A	N/A	N/A	d__Bacteria;p__Bacillota_A;c__Clostridia;o__Oscillospirales;f__Ruminococcaceae;g__Negativibacillus;s__	taxonomic classification fully defined by topology	classification based on placement in class-level tree	N/A	90.41	11	0.91186	N/A
AH1_2nd_16:bin_000033	d__Bacteria;p__Bacteroidota;c__Bacteroidia;o__Bacteroidales;f__;g__;s__	N/A	N/A	N/A	N/A	N/A	N/A	N/A	N/A	N/A	N/A	d__Bacteria;p__Bacteroidota;c__Bacteroidia;o__Bacteroidales;f__;g__;s__	taxonomic classification fully defined by topology	classification based on placement in class-level tree	N/A	87.59	11	0.84202	N/A
AH1_2nd_16:bin_000044	d__Bacteria;p__Bacillota_A;c__Clostridia;o__Lachnospirales;f__Anaerotignaceae;g__;s__	N/A	N/A	N/A	N/A	N/A	N/A	N/A	N/A	N/A	N/A	d__Bacteria;p__Bacillota_A;c__Clostridia;o__Lachnospirales;f__Anaerotignaceae;g__;s__	taxonomic classification fully defined by topology	classification based on placement in class-level tree	N/A	79.17	11	0.73721	N/A
AH1_2nd_16:bin_000045	d__Bacteria;p__Bacteroidota;c__Bacteroidia;o__Bacteroidales;f__Rikenellaceae;g__Alistipes;s__	N/A	N/A	N/A	N/A	N/A	N/A	N/A	N/A	N/A	N/A	d__Bacteria;p__Bacteroidota;c__Bacteroidia;o__Bacteroidales;f__Rikenellaceae;g__Alistipes;s__	taxonomic classification defined by topology and ANI	classification based on placement in class-level tree	GCA_949840605.1, s__Alistipes sp949840605, 95.0, 84.83, 0.295; GCF_025145845.1, s__Alistipes shahii, 95.0, 84.69, 0.295; GCF_900541585.1, s__Alistipes sp900541585, 95.0, 84.67, 0.361; GCA_001941065.1, s__Alistipes sp001941065, 95.0, 84.37, 0.282; GCF_900083545.1, s__Alistipes provencensis, 95.0, 84.2, 0.317; GCF_025145645.1, s__Alistipes senegalensis, 95.0, 83.94, 0.272; GCF_900107675.1, s__Alistipes timonensis, 95.0, 83.83, 0.304; GCF_018362775.1, s__Alistipes montrealensis, 95.0, 83.57, 0.299; GCA_023443765.1, s__Alistipes sp023443765, 95.0, 83.57, 0.274; GCF_020026455.1, s__Alistipes sp020026455, 95.0, 82.45, 0.283; GCF_949296715.1, s__Alistipes sp949296715, 95.0, 81.96, 0.197; GCA_900553175.1, s__Alistipes sp900553175, 95.0, 81.22, 0.165; GCA_019115745.1, s__Alistipes intestinigallinarum, 95.0, 80.59, 0.152; GCA_019119845.1, s__Alistipes merdavium, 95.0, 80.49, 0.179; GCA_944321185.1, s__Alistipes sp944321185, 95.0, 79.98, 0.159	82.82	11	0.98555	N/A
AH1_2nd_16:bin_000047	d__Bacteria;p__Bacteroidota;c__Bacteroidia;o__Bacteroidales;f__Marinifilaceae;g__Odoribacter;s__	N/A	N/A	N/A	N/A	N/A	GCA_900544025.1	95.0	d__Bacteria;p__Bacteroidota;c__Bacteroidia;o__Bacteroidales;f__Marinifilaceae;g__Odoribacter;s__Odoribacter sp900544025	83.92	0.436	d__Bacteria;p__Bacteroidota;c__Bacteroidia;o__Bacteroidales;f__Marinifilaceae;g__Odoribacter;s__	taxonomic classification defined by topology and ANI	classification based on placement in class-level tree	GCA_900541415.1, s__Odoribacter sp900541415, 95.0, 82.92, 0.414	81.79	11	0.9847	N/A
AH1_2nd_16:bin_000058	d__Bacteria;p__Bacillota_A;c__Clostridia;o__Lachnospirales;f__Lachnospiraceae;g__Enterocloster;s__	N/A	N/A	N/A	N/A	N/A	N/A	N/A	N/A	N/A	N/A	d__Bacteria;p__Bacillota_A;c__Clostridia;o__Lachnospirales;f__Lachnospiraceae;g__Enterocloster;s__	taxonomic classification fully defined by topology	classification based on placement in class-level tree	N/A	73.01	11	0.97441	N/A
AH1_2nd_16:bin_000064	d__Bacteria;p__Bacillota_A;c__Clostridia;o__Oscillospirales;f__Oscillospiraceae;g__Scatomorpha;s__	N/A	N/A	N/A	N/A	N/A	N/A	N/A	N/A	N/A	N/A	d__Bacteria;p__Bacillota_A;c__Clostridia;o__Oscillospirales;f__Oscillospiraceae;g__Scatomorpha;s__	taxonomic classification fully defined by topology	classification based on placement in class-level tree	N/A	73.64	11	0.91504	N/A
AH1_2nd_16:bin_000096	d__Bacteria;p__Bacillota_A;c__Clostridia;o__Oscillospirales;f__Ruminococcaceae;g__Ruthenibacterium;s__	N/A	N/A	N/A	N/A	N/A	N/A	N/A	N/A	N/A	N/A	d__Bacteria;p__Bacillota_A;c__Clostridia;o__Oscillospirales;f__Ruminococcaceae;g__Ruthenibacterium;s__	taxonomic classification fully defined by topology	classification based on placement in class-level tree	N/A	53.72	11	0.98435	Genome has more than 11.7% of markers with multiple hits
AH1_2nd_16:bin_000100	d__Bacteria;p__Bacteroidota;c__Bacteroidia;o__Bacteroidales;f__Bacteroidaceae;g__Bacteroides;s__	N/A	N/A	N/A	N/A	N/A	GCF_028690125.1	95.0	d__Bacteria;p__Bacteroidota;c__Bacteroidia;o__Bacteroidales;f__Bacteroidaceae;g__Bacteroides;s__Bacteroides sp028690125	88.89	0.444	d__Bacteria;p__Bacteroidota;c__Bacteroidia;o__Bacteroidales;f__Bacteroidaceae;g__Bacteroides;s__	taxonomic classification defined by topology and ANI	classification based on placement in class-level tree	GCF_003865075.1, s__Bacteroides faecalis, 95.0, 85.81, 0.337; GCF_000614145.1, s__Bacteroides faecichinchillae, 95.0, 85.45, 0.351; GCF_900155865.1, s__Bacteroides bouchesdurhonensis, 95.0, 85.38, 0.321	54.7	11	0.98147	N/A
AH1_2nd_16:bin_000103	d__Bacteria;p__Bacillota_I;c__Bacilli_A;o__Erysipelotrichales;f__Erysipelotrichaceae;g__Holdemania;s__	N/A	N/A	N/A	N/A	N/A	N/A	N/A	N/A	N/A	N/A	d__Bacteria;p__Bacillota_I;c__Bacilli_A;o__Erysipelotrichales;f__Erysipelotrichaceae;g__Holdemania;s__	taxonomic classification fully defined by topology	classification based on placement in class-level tree	N/A	49.41	11	0.93517	N/A
AH1_2nd_16:bin_000104	d__Bacteria;p__Bacillota_A;c__Clostridia;o__Lachnospirales;f__Lachnospiraceae;g__CHH4-2;s__	N/A	N/A	N/A	N/A	N/A	N/A	N/A	N/A	N/A	N/A	d__Bacteria;p__Bacillota_A;c__Clostridia;o__Lachnospirales;f__Lachnospiraceae;g__CHH4-2;s__	taxonomic novelty determined using RED	classification based on placement in class-level tree	N/A	47.25	11	0.90818	N/A
AH1_2nd_17:bin_000010	d__Bacteria;p__Bacteroidota;c__Bacteroidia;o__Bacteroidales;f__Rikenellaceae;g__Mucinivorans;s__	N/A	N/A	N/A	N/A	N/A	N/A	N/A	N/A	N/A	N/A	d__Bacteria;p__Bacteroidota;c__Bacteroidia;o__Bacteroidales;f__Rikenellaceae;g__Mucinivorans;s__	taxonomic classification fully defined by topology	classification based on placement in class-level tree	N/A	93.74	11	0.90845	N/A
AH1_2nd_17:bin_000015	d__Bacteria;p__Bacillota_I;c__Bacilli_A;o__Erysipelotrichales;f__Erysipelotrichaceae;g__;s__	N/A	N/A	N/A	N/A	N/A	N/A	N/A	N/A	N/A	N/A	d__Bacteria;p__Bacillota_I;c__Bacilli_A;o__Erysipelotrichales;f__Erysipelotrichaceae;g__;s__	taxonomic novelty determined using RED	classification based on placement in class-level tree	N/A	89.53	11	0.83053	N/A
AH1_2nd_17:bin_000019	d__Bacteria;p__Bacillota_A;c__Clostridia;o__TANB77;f__CAG-508;g__RGIG8482;s__	N/A	N/A	N/A	N/A	N/A	N/A	N/A	N/A	N/A	N/A	d__Bacteria;p__Bacillota_A;c__Clostridia;o__TANB77;f__CAG-508;g__RGIG8482;s__	taxonomic classification fully defined by topology	classification based on placement in class-level tree	N/A	87.63	11	0.89318	N/A
AH1_2nd_17:bin_000020	d__Bacteria;p__Bacillota_A;c__Clostridia;o__Lachnospirales;f__Lachnospiraceae;g__Otoolea;s__	N/A	N/A	N/A	N/A	N/A	N/A	N/A	N/A	N/A	N/A	d__Bacteria;p__Bacillota_A;c__Clostridia;o__Lachnospirales;f__Lachnospiraceae;g__Otoolea;s__	taxonomic classification fully defined by topology	classification based on placement in class-level tree	N/A	84.53	11	0.94407	N/A
AH1_2nd_17:bin_000023	d__Bacteria;p__Bacillota_I;c__Bacilli_A;o__Erysipelotrichales;f__Coprobacillaceae;g__Stoquefichus;s__	N/A	N/A	N/A	N/A	N/A	N/A	N/A	N/A	N/A	N/A	d__Bacteria;p__Bacillota_I;c__Bacilli_A;o__Erysipelotrichales;f__Coprobacillaceae;g__Stoquefichus;s__	taxonomic novelty determined using RED	classification based on placement in class-level tree	N/A	85.7	11	0.95292	N/A
AH1_2nd_17:bin_000029	d__Bacteria;p__Bacillota_I;c__Bacilli_A;o__Erysipelotrichales;f__Erysipelotrichaceae;g__Eubacterium_P;s__	N/A	N/A	N/A	N/A	N/A	N/A	N/A	N/A	N/A	N/A	d__Bacteria;p__Bacillota_I;c__Bacilli_A;o__Erysipelotrichales;f__Erysipelotrichaceae;g__Eubacterium_P;s__	taxonomic novelty determined using RED	classification based on placement in class-level tree	N/A	83.06	11	0.93586	N/A
AH1_2nd_17:bin_000030	d__Bacteria;p__Bacteroidota;c__Bacteroidia;o__Bacteroidales;f__Bacteroidaceae;g__Bacteroides;s__	N/A	N/A	N/A	N/A	N/A	N/A	N/A	N/A	N/A	N/A	d__Bacteria;p__Bacteroidota;c__Bacteroidia;o__Bacteroidales;f__Bacteroidaceae;g__Bacteroides;s__	taxonomic classification fully defined by topology	classification based on placement in class-level tree	N/A	79.44	11	0.97374	N/A
AH1_2nd_17:bin_000038	d__Bacteria;p__Bacteroidota;c__Bacteroidia;o__Bacteroidales;f__Bacteroidaceae;g__CABUKU01;s__	N/A	N/A	N/A	N/A	N/A	N/A	N/A	N/A	N/A	N/A	d__Bacteria;p__Bacteroidota;c__Bacteroidia;o__Bacteroidales;f__Bacteroidaceae;g__CABUKU01;s__	taxonomic novelty determined using RED	classification based on placement in class-level tree	N/A	70.9	11	0.95255	N/A
AH1_2nd_17:bin_000040	d__Bacteria;p__Bacillota_I;c__Bacilli_A;o__Erysipelotrichales;f__Erysipelotrichaceae;g__C-19;s__	N/A	N/A	N/A	N/A	N/A	N/A	N/A	N/A	N/A	N/A	d__Bacteria;p__Bacillota_I;c__Bacilli_A;o__Erysipelotrichales;f__Erysipelotrichaceae;g__C-19;s__	taxonomic classification fully defined by topology	classification based on placement in class-level tree	N/A	66.67	11	0.8768	N/A
AH1_2nd_18:bin_000011	d__Bacteria;p__Bacillota_I;c__Bacilli_A;o__Erysipelotrichales;f__Coprobacillaceae;g__Coprobacillus;s__	N/A	N/A	N/A	N/A	N/A	N/A	N/A	N/A	N/A	N/A	d__Bacteria;p__Bacillota_I;c__Bacilli_A;o__Erysipelotrichales;f__Coprobacillaceae;g__Coprobacillus;s__	taxonomic novelty determined using RED	classification based on placement in class-level tree	N/A	92.35	11	0.94629	N/A
AH1_2nd_18:bin_000013	d__Bacteria;p__Bacteroidota;c__Bacteroidia;o__Bacteroidales;f__Tannerellaceae;g__Parabacteroides;s__	N/A	N/A	N/A	N/A	N/A	N/A	N/A	N/A	N/A	N/A	d__Bacteria;p__Bacteroidota;c__Bacteroidia;o__Bacteroidales;f__Tannerellaceae;g__Parabacteroides;s__	taxonomic classification fully defined by topology	classification based on placement in class-level tree	N/A	91.24	11	0.9359	N/A
AH1_2nd_18:bin_000024	d__Bacteria;p__Bacteroidota;c__Bacteroidia;o__Bacteroidales;f__Marinifilaceae;g__Odoribacter;s__	N/A	N/A	N/A	N/A	N/A	N/A	N/A	N/A	N/A	N/A	d__Bacteria;p__Bacteroidota;c__Bacteroidia;o__Bacteroidales;f__Marinifilaceae;g__Odoribacter;s__	taxonomic classification fully defined by topology	classification based on placement in class-level tree	N/A	83.77	11	0.96295	N/A
AH1_2nd_18:bin_000033	d__Bacteria;p__Bacillota_I;c__Bacilli_A;o__Erysipelotrichales;f__Coprobacillaceae;g__Beduini;s__	N/A	N/A	N/A	N/A	N/A	N/A	N/A	N/A	N/A	N/A	d__Bacteria;p__Bacillota_I;c__Bacilli_A;o__Erysipelotrichales;f__Coprobacillaceae;g__Beduini;s__	taxonomic classification defined by topology and ANI	classification based on placement in class-level tree	GCA_902363625.1, s__Beduini sp902363625, 95.0, 84.44, 0.182; GCA_027676805.1, s__Beduini sp027676805, 95.0, 84.36, 0.202; GCF_000829905.1, s__Beduini massiliensis, 95.0, 84.31, 0.202	73.15	11	0.96941	N/A
AH1_2nd_18:bin_000039	d__Bacteria;p__Bacteroidota;c__Bacteroidia;o__Bacteroidales;f__Rikenellaceae;g__Alistipes;s__	N/A	N/A	N/A	N/A	N/A	N/A	N/A	N/A	N/A	N/A	d__Bacteria;p__Bacteroidota;c__Bacteroidia;o__Bacteroidales;f__Rikenellaceae;g__Alistipes;s__	taxonomic classification defined by topology and ANI	classification based on placement in class-level tree	GCF_900541585.1, s__Alistipes sp900541585, 95.0, 85.19, 0.332; GCF_025145845.1, s__Alistipes shahii, 95.0, 85.1, 0.283; GCF_900083545.1, s__Alistipes provencensis, 95.0, 84.88, 0.235; GCA_949840605.1, s__Alistipes sp949840605, 95.0, 84.69, 0.226; GCF_018362775.1, s__Alistipes montrealensis, 95.0, 84.38, 0.289; GCF_025145645.1, s__Alistipes senegalensis, 95.0, 84.37, 0.241; GCF_900107675.1, s__Alistipes timonensis, 95.0, 84.35, 0.224; GCA_001941065.1, s__Alistipes sp001941065, 95.0, 84.23, 0.217; GCA_023443765.1, s__Alistipes sp023443765, 95.0, 84.15, 0.258; GCF_020026455.1, s__Alistipes sp020026455, 95.0, 83.17, 0.228	70.92	11	0.98554	N/A
AH1_2nd_18:bin_000040	d__Bacteria;p__Actinomycetota;c__Coriobacteriia;o__Coriobacteriales;f__Eggerthellaceae;g__Eggerthella;s__	N/A	N/A	N/A	N/A	N/A	GCF_003339815.1	95.0	d__Bacteria;p__Actinomycetota;c__Coriobacteriia;o__Coriobacteriales;f__Eggerthellaceae;g__Eggerthella;s__Eggerthella sinensis	86.26	0.265	d__Bacteria;p__Actinomycetota;c__Coriobacteriia;o__Coriobacteriales;f__Eggerthellaceae;g__Eggerthella;s__	taxonomic classification defined by topology and ANI	classification based on placement in class-level tree	GCF_009834925.2, s__Eggerthella guodeyinii, 95.0, 87.02, 0.321; GCF_900184265.1, s__Eggerthella timonensis, 95.0, 86.67, 0.303; GCF_000024265.1, s__Eggerthella lenta, 95.0, 86.03, 0.262	72.43	11	0.97525	N/A
AH1_2nd_18:bin_000041	d__Bacteria;p__Bacteroidota;c__Bacteroidia;o__Bacteroidales;f__Bacteroidaceae;g__Bacteroides;s__	N/A	N/A	N/A	N/A	N/A	N/A	N/A	N/A	N/A	N/A	d__Bacteria;p__Bacteroidota;c__Bacteroidia;o__Bacteroidales;f__Bacteroidaceae;g__Bacteroides;s__	taxonomic classification fully defined by topology	classification based on placement in class-level tree	N/A	74.7	11	0.93884	N/A
AH1_2nd_18:bin_000047	d__Bacteria;p__Bacteroidota;c__Bacteroidia;o__Bacteroidales;f__Tannerellaceae;g__Parabacteroides;s__	N/A	N/A	N/A	N/A	N/A	N/A	N/A	N/A	N/A	N/A	d__Bacteria;p__Bacteroidota;c__Bacteroidia;o__Bacteroidales;f__Tannerellaceae;g__Parabacteroides;s__	taxonomic classification defined by topology and ANI	classification based on placement in class-level tree	GCF_014287545.1, s__Parabacteroides segnis, 95.0, 81.36, 0.204; GCF_029581355.1, s__Parabacteroides chongii, 95.0, 81.25, 0.164; GCF_000969835.1, s__Parabacteroides goldsteinii, 95.0, 81.22, 0.185; GCF_014647375.1, s__Parabacteroides faecis, 95.0, 81.06, 0.174; GCF_000969825.1, s__Parabacteroides gordonii, 95.0, 81.03, 0.157	64.75	11	0.97775	N/A
AH1_2nd_18:bin_000052	d__Bacteria;p__Bacillota_A;c__Clostridia;o__Lachnospirales;f__Lachnospiraceae;g__Enterocloster;s__	N/A	N/A	N/A	N/A	N/A	GCA_900551225.1	95.0	d__Bacteria;p__Bacillota_A;c__Clostridia;o__Lachnospirales;f__Lachnospiraceae;g__Enterocloster;s__Enterocloster sp900551225	86.47	0.3	d__Bacteria;p__Bacillota_A;c__Clostridia;o__Lachnospirales;f__Lachnospiraceae;g__Enterocloster;s__	taxonomic classification defined by topology and ANI	classification based on placement in class-level tree	N/A	54.84	11	0.98597	N/A
AH1_2nd_19:bin_000001	d__Bacteria;p__Bacteroidota;c__Bacteroidia;o__Bacteroidales;f__Tannerellaceae;g__Parabacteroides;s__	N/A	N/A	N/A	N/A	N/A	N/A	N/A	N/A	N/A	N/A	d__Bacteria;p__Bacteroidota;c__Bacteroidia;o__Bacteroidales;f__Tannerellaceae;g__Parabacteroides;s__	taxonomic classification fully defined by topology	classification based on placement in class-level tree	N/A	97.14	11	0.93106	N/A
AH1_2nd_19:bin_000005	d__Bacteria;p__Bacillota_A;c__Clostridia;o__Lachnospirales;f__Lachnospiraceae;g__Roseburia;s__	N/A	N/A	N/A	N/A	N/A	N/A	N/A	N/A	N/A	N/A	d__Bacteria;p__Bacillota_A;c__Clostridia;o__Lachnospirales;f__Lachnospiraceae;g__Roseburia;s__	taxonomic classification fully defined by topology	classification based on placement in class-level tree	N/A	94.88	11	0.92787	N/A
AH1_2nd_19:bin_000011	d__Bacteria;p__Desulfobacterota;c__Desulfovibrionia;o__Desulfovibrionales;f__Desulfovibrionaceae;g__Mailhella;s__	N/A	N/A	N/A	N/A	N/A	N/A	N/A	N/A	N/A	N/A	d__Bacteria;p__Desulfobacterota;c__Desulfovibrionia;o__Desulfovibrionales;f__Desulfovibrionaceae;g__Mailhella;s__	taxonomic classification fully defined by topology	classification based on placement in class-level tree	N/A	93.19	11	0.93117	N/A
AH1_2nd_19:bin_000017	d__Bacteria;p__Bacillota_A;c__Clostridia;o__Lachnospirales;f__Lachnospiraceae;g__Caccomorpha;s__	N/A	N/A	N/A	N/A	N/A	N/A	N/A	N/A	N/A	N/A	d__Bacteria;p__Bacillota_A;c__Clostridia;o__Lachnospirales;f__Lachnospiraceae;g__Caccomorpha;s__	taxonomic classification fully defined by topology	classification based on placement in class-level tree	N/A	90.27	11	0.92362	N/A
AH1_2nd_19:bin_000024	d__Bacteria;p__Cyanobacteriota;c__Vampirovibrionia;o__Gastranaerophilales;f__Gastranaerophilaceae;g__Limenecus;s__	N/A	N/A	N/A	N/A	N/A	N/A	N/A	N/A	N/A	N/A	d__Bacteria;p__Cyanobacteriota;c__Vampirovibrionia;o__Gastranaerophilales;f__Gastranaerophilaceae;g__Limenecus;s__	taxonomic classification fully defined by topology	classification based on placement in class-level tree	N/A	88.96	11	0.9569	N/A
AH1_2nd_19:bin_000031	d__Bacteria;p__Bacillota_A;c__Clostridia;o__Lachnospirales;f__Lachnospiraceae;g__Lachnotalea;s__	N/A	N/A	N/A	N/A	N/A	N/A	N/A	N/A	N/A	N/A	d__Bacteria;p__Bacillota_A;c__Clostridia;o__Lachnospirales;f__Lachnospiraceae;g__Lachnotalea;s__	taxonomic novelty determined using RED	classification based on placement in class-level tree	N/A	89.14	11	0.91448	N/A
AH1_2nd_19:bin_000032	d__Bacteria;p__Verrucomicrobiota;c__Verrucomicrobiae;o__Verrucomicrobiales;f__Akkermansiaceae;g__Akkermansia;s__	N/A	N/A	N/A	N/A	N/A	N/A	N/A	N/A	N/A	N/A	d__Bacteria;p__Verrucomicrobiota;c__Verrucomicrobiae;o__Verrucomicrobiales;f__Akkermansiaceae;g__Akkermansia;s__	taxonomic classification defined by topology and ANI	classification based on placement in class-level tree	GCA_947624785.1, s__Akkermansia muciniphila_F, 95.0, 85.4, 0.439; GCF_023516715.1, s__Akkermansia massiliensis, 95.0, 85.13, 0.432; GCF_018709685.1, s__Akkermansia muciniphila_E, 95.0, 85.1, 0.421; GCF_002884975.1, s__Akkermansia muciniphila_C, 95.0, 84.99, 0.422; GCA_021202525.1, s__Akkermansia sp021202525, 95.0, 84.99, 0.414; GCF_026072915.1, s__Akkermansia biwaensis, 95.0, 84.92, 0.4; GCF_020860705.1, s__Akkermansia sp020860705, 95.0, 84.77, 0.39; GCF_004167605.1, s__Akkermansia sp004167605, 95.0, 84.44, 0.378; GCF_000020225.1, s__Akkermansia muciniphila, 95.0, 82.74, 0.286; GCF_030848305.1, s__Akkermansia muciniphila_A, 95.0, 82.68, 0.299; GCA_905200945.1, s__Akkermansia sp905200945, 95.0, 81.97, 0.249	89.91	11	0.98055	N/A
AH1_2nd_19:bin_000037	d__Bacteria;p__Bacillota_A;c__Clostridia;o__Lachnospirales;f__Lachnospiraceae;g__;s__	N/A	N/A	N/A	N/A	N/A	N/A	N/A	N/A	N/A	N/A	d__Bacteria;p__Bacillota_A;c__Clostridia;o__Lachnospirales;f__Lachnospiraceae;g__;s__	taxonomic classification fully defined by topology	classification based on placement in class-level tree	N/A	80.81	11	0.88297	Genome has more than 11.7% of markers with multiple hits
AH1_2nd_19:bin_000038	d__Bacteria;p__Pseudomonadota;c__Alphaproteobacteria;o__BNTO01;f__BNTO01;g__;s__	N/A	N/A	N/A	N/A	N/A	N/A	N/A	N/A	N/A	N/A	d__Bacteria;p__Pseudomonadota;c__Alphaproteobacteria;o__BNTO01;f__BNTO01;g__;s__	taxonomic classification fully defined by topology	classification based on placement in class-level tree	N/A	86.16	11	0.74186	N/A
AH1_2nd_19:bin_000043	d__Bacteria;p__Bacillota_A;c__Clostridia;o__Christensenellales;f__Pumilibacteraceae;g__Protoclostridium;s__	N/A	N/A	N/A	N/A	N/A	N/A	N/A	N/A	N/A	N/A	d__Bacteria;p__Bacillota_A;c__Clostridia;o__Christensenellales;f__Pumilibacteraceae;g__Protoclostridium;s__	taxonomic classification fully defined by topology	classification based on placement in class-level tree	N/A	78.27	11	0.93068	N/A
AH1_2nd_19:bin_000050	d__Bacteria;p__Bacillota_A;c__Clostridia;o__Lachnospirales;f__Lachnospiraceae;g__CHH4-2;s__	N/A	N/A	N/A	N/A	N/A	N/A	N/A	N/A	N/A	N/A	d__Bacteria;p__Bacillota_A;c__Clostridia;o__Lachnospirales;f__Lachnospiraceae;g__CHH4-2;s__	taxonomic novelty determined using RED	classification based on placement in class-level tree	N/A	76.41	11	0.90709	N/A
AH1_2nd_19:bin_000052	d__Bacteria;p__Verrucomicrobiota;c__Verrucomicrobiae;o__Opitutales;f__JAIRLM01;g__;s__	N/A	N/A	N/A	N/A	N/A	N/A	N/A	N/A	N/A	N/A	d__Bacteria;p__Verrucomicrobiota;c__Verrucomicrobiae;o__Opitutales;f__JAIRLM01;g__;s__	taxonomic novelty determined using RED	classification based on placement in class-level tree	N/A	77.54	11	0.75972	N/A
AH1_2nd_19:bin_000053	d__Bacteria;p__Bacillota_A;c__Clostridia;o__Lachnospirales;f__Lachnospiraceae;g__Hominisplanchenecus_A;s__	N/A	N/A	N/A	N/A	N/A	N/A	N/A	N/A	N/A	N/A	d__Bacteria;p__Bacillota_A;c__Clostridia;o__Lachnospirales;f__Lachnospiraceae;g__Hominisplanchenecus_A;s__	taxonomic classification fully defined by topology	classification based on placement in class-level tree	N/A	69.22	11	0.91547	N/A
AH1_2nd_19:bin_000055	d__Bacteria;p__Bacteroidota;c__Bacteroidia;o__Bacteroidales;f__Tannerellaceae;g__Parabacteroides;s__	N/A	N/A	N/A	N/A	N/A	N/A	N/A	N/A	N/A	N/A	d__Bacteria;p__Bacteroidota;c__Bacteroidia;o__Bacteroidales;f__Tannerellaceae;g__Parabacteroides;s__	taxonomic classification defined by topology and ANI	classification based on placement in class-level tree	GCF_000969825.1, s__Parabacteroides gordonii, 95.0, 81.33, 0.179	71.86	11	0.96279	N/A
AH1_2nd_19:bin_000067	d__Bacteria;p__Bacteroidota;c__Bacteroidia;o__Bacteroidales;f__Bacteroidaceae;g__Bacteroides;s__Bacteroides ovatus	GCF_001314995.1	95.19	d__Bacteria;p__Bacteroidota;c__Bacteroidia;o__Bacteroidales;f__Bacteroidaceae;g__Bacteroides;s__Bacteroides ovatus	96.58	0.696	GCF_001314995.1	95.19	d__Bacteria;p__Bacteroidota;c__Bacteroidia;o__Bacteroidales;f__Bacteroidaceae;g__Bacteroides;s__Bacteroides ovatus	96.58	0.696	d__Bacteria;p__Bacteroidota;c__Bacteroidia;o__Bacteroidales;f__Bacteroidaceae;g__Bacteroides;s__	taxonomic classification defined by topology and ANI	topological placement and ANI have congruent species assignments	GCA_900755095.1, s__Bacteroides sp900755095, 95.0, 94.74, 0.524; GCF_958387885.1, s__Bacteroides sp019412865, 95.0, 94.41, 0.679; GCA_019117555.1, s__Bacteroides intestinigallinarum, 95.0, 93.27, 0.613; GCA_902362375.1, s__Bacteroides sp902362375, 95.0, 91.46, 0.557; GCF_000210075.1, s__Bacteroides xylanisolvens, 95.0, 91.46, 0.555; GCA_948436425.1, s__Bacteroides sp948436425, 95.0, 90.85, 0.556; GCF_009193295.2, s__Bacteroides luhongzhouii, 95.0, 90.16, 0.558; GCA_948742525.1, s__Bacteroides caecimuris_A, 95.0, 88.48, 0.418; GCA_959606905.1, s__Bacteroides sp959606905, 95.0, 88.04, 0.199; GCF_001688725.2, s__Bacteroides caecimuris, 95.0, 87.55, 0.361; GCA_030295565.1, s__Bacteroides finegoldii, 95.57, 85.1, 0.226; GCF_009193325.2, s__Bacteroides zhangwenhongii, 95.0, 84.63, 0.234; GCF_024623065.1, s__Bacteroides acidifaciens, 95.0, 84.38, 0.241; GCF_900130125.1, s__Bacteroides congonensis, 95.0, 83.38, 0.222; GCF_014750685.1, s__Bacteroides sp014750685, 95.0, 83.32, 0.241; GCF_012113595.1, s__Bacteroides faecium, 95.0, 83.21, 0.218; GCF_900761785.1, s__Bacteroides sp900761785, 95.0, 83.17, 0.215; GCF_903181435.1, s__Bacteroides sp900765785, 95.0, 83.01, 0.233; GCA_947038155.1, s__Bacteroides sp947038155, 95.0, 82.99, 0.202; GCF_902491285.1, s__Bacteroides sp902491285, 95.0, 82.95, 0.22; GCA_900556625.1, s__Bacteroides sp900556625, 95.0, 82.94, 0.21; GCA_948847595.1, s__Bacteroides sp948847595, 95.0, 82.71, 0.184; GCF_002222615.2, s__Bacteroides caccae, 95.0, 81.94, 0.174	59.94	11	N/A	N/A
AH1_2nd_19:bin_000072	d__Bacteria;p__Bacillota_A;c__Clostridia;o__Lachnospirales;f__Lachnospiraceae;g__CABSEG01;s__	N/A	N/A	N/A	N/A	N/A	N/A	N/A	N/A	N/A	N/A	d__Bacteria;p__Bacillota_A;c__Clostridia;o__Lachnospirales;f__Lachnospiraceae;g__CABSEG01;s__	taxonomic novelty determined using RED	classification based on placement in class-level tree	N/A	51.98	11	0.92597	N/A
AH1_2nd_19:bin_000077	d__Bacteria;p__Bacillota_A;c__Clostridia;o__Oscillospirales;f__Ruminococcaceae;g__Anaerotruncus;s__	N/A	N/A	N/A	N/A	N/A	N/A	N/A	N/A	N/A	N/A	d__Bacteria;p__Bacillota_A;c__Clostridia;o__Oscillospirales;f__Ruminococcaceae;g__Anaerotruncus;s__	taxonomic classification fully defined by topology	classification based on placement in class-level tree	N/A	48.26	11	0.95028	N/A
AH1_2nd_1:bin_000001	d__Bacteria;p__Bacteroidota;c__Bacteroidia;o__Bacteroidales;f__Tannerellaceae;g__Parabacteroides_B;s__	N/A	N/A	N/A	N/A	N/A	GCA_020860905.1	95.0	d__Bacteria;p__Bacteroidota;c__Bacteroidia;o__Bacteroidales;f__Tannerellaceae;g__Parabacteroides_B;s__Parabacteroides_B sp020860905	88.17	0.606	d__Bacteria;p__Bacteroidota;c__Bacteroidia;o__Bacteroidales;f__Tannerellaceae;g__Parabacteroides_B;s__	taxonomic classification defined by topology and ANI	classification based on placement in class-level tree	N/A	97.16	11	0.9865	Genome not assigned to closest species as it falls outside its pre-defined ANI radius
AH1_2nd_1:bin_000002	d__Bacteria;p__Bacillota_A;c__Clostridia;o__Oscillospirales;f__Ruminococcaceae;g__Fournierella;s__	N/A	N/A	N/A	N/A	N/A	GCA_022835495.1	95.0	d__Bacteria;p__Bacillota_A;c__Clostridia;o__Oscillospirales;f__Ruminococcaceae;g__Fournierella;s__Fournierella sp900543285	80.33	0.164	d__Bacteria;p__Bacillota_A;c__Clostridia;o__Oscillospirales;f__Ruminococcaceae;g__Fournierella;s__	taxonomic classification defined by topology and ANI	classification based on placement in class-level tree	N/A	97.54	11	0.95465	N/A
AH1_2nd_1:bin_000003	d__Bacteria;p__Cyanobacteriota;c__Vampirovibrionia;o__Gastranaerophilales;f__Gastranaerophilaceae;g__Scatousia;s__	N/A	N/A	N/A	N/A	N/A	N/A	N/A	N/A	N/A	N/A	d__Bacteria;p__Cyanobacteriota;c__Vampirovibrionia;o__Gastranaerophilales;f__Gastranaerophilaceae;g__Scatousia;s__	taxonomic classification fully defined by topology	classification based on placement in class-level tree	N/A	96.48	11	0.96393	N/A
AH1_2nd_1:bin_000005	d__Bacteria;p__Bacillota_A;c__Clostridia;o__Lachnospirales;f__Lachnospiraceae;g__;s__	N/A	N/A	N/A	N/A	N/A	N/A	N/A	N/A	N/A	N/A	d__Bacteria;p__Bacillota_A;c__Clostridia;o__Lachnospirales;f__Lachnospiraceae;g__;s__	taxonomic novelty determined using RED	classification based on placement in class-level tree	N/A	94.08	11	0.90637	N/A
AH1_2nd_1:bin_000006	d__Bacteria;p__Bacillota_A;c__Clostridia;o__Lachnospirales;f__Lachnospiraceae;g__Kineothrix;s__	N/A	N/A	N/A	N/A	N/A	N/A	N/A	N/A	N/A	N/A	d__Bacteria;p__Bacillota_A;c__Clostridia;o__Lachnospirales;f__Lachnospiraceae;g__Kineothrix;s__	taxonomic classification fully defined by topology	classification based on placement in class-level tree	N/A	93.33	11	0.9294	N/A
AH1_2nd_1:bin_000015	d__Bacteria;p__Bacillota_A;c__Clostridia;o__Lachnospirales;f__Lachnospiraceae;g__MGBC136627;s__	N/A	N/A	N/A	N/A	N/A	N/A	N/A	N/A	N/A	N/A	d__Bacteria;p__Bacillota_A;c__Clostridia;o__Lachnospirales;f__Lachnospiraceae;g__MGBC136627;s__	taxonomic novelty determined using RED	classification based on placement in class-level tree	N/A	92.69	11	0.94713	N/A
AH1_2nd_1:bin_000023	d__Bacteria;p__Bacillota_A;c__Clostridia;o__Lachnospirales;f__Lachnospiraceae;g__Brotaphodocola;s__	N/A	N/A	N/A	N/A	N/A	GCA_030825115.1	95.0	d__Bacteria;p__Bacillota_A;c__Clostridia;o__Lachnospirales;f__Lachnospiraceae;g__Brotaphodocola;s__Brotaphodocola sp030825115	80.69	0.197	d__Bacteria;p__Bacillota_A;c__Clostridia;o__Lachnospirales;f__Lachnospiraceae;g__Brotaphodocola;s__	taxonomic classification defined by topology and ANI	classification based on placement in class-level tree	N/A	89.81	11	0.97709	N/A
AH1_2nd_1:bin_000028	d__Bacteria;p__Pseudomonadota;c__Alphaproteobacteria;o__Rickettsiales;f__UBA1997;g__CALXRO01;s__	N/A	N/A	N/A	N/A	N/A	N/A	N/A	N/A	N/A	N/A	d__Bacteria;p__Pseudomonadota;c__Alphaproteobacteria;o__Rickettsiales;f__UBA1997;g__CALXRO01;s__	taxonomic classification fully defined by topology	classification based on placement in class-level tree	N/A	89.22	11	0.88124	N/A
AH1_2nd_1:bin_000034	d__Bacteria;p__Bacillota_I;c__Bacilli_A;o__Erysipelotrichales;f__Erysipelotrichaceae;g__Dielma;s__	N/A	N/A	N/A	N/A	N/A	N/A	N/A	N/A	N/A	N/A	d__Bacteria;p__Bacillota_I;c__Bacilli_A;o__Erysipelotrichales;f__Erysipelotrichaceae;g__Dielma;s__	taxonomic novelty determined using RED	classification based on placement in class-level tree	N/A	83.93	11	0.95687	N/A
AH1_2nd_1:bin_000039	d__Bacteria;p__Bacteroidota;c__Bacteroidia;o__Bacteroidales;f__Marinifilaceae;g__Odoribacter;s__	N/A	N/A	N/A	N/A	N/A	N/A	N/A	N/A	N/A	N/A	d__Bacteria;p__Bacteroidota;c__Bacteroidia;o__Bacteroidales;f__Marinifilaceae;g__Odoribacter;s__	taxonomic classification fully defined by topology	classification based on placement in class-level tree	N/A	82.56	11	0.94967	N/A
AH1_2nd_1:bin_000048	d__Bacteria;p__Bacillota_A;c__Clostridia;o__Peptostreptococcales;f__Anaerovoracaceae;g__CAUHLX01;s__	N/A	N/A	N/A	N/A	N/A	GCA_959606705.1	95.0	d__Bacteria;p__Bacillota_A;c__Clostridia;o__Peptostreptococcales;f__Anaerovoracaceae;g__CAUHLX01;s__CAUHLX01 sp959606705	84.8	0.223	d__Bacteria;p__Bacillota_A;c__Clostridia;o__Peptostreptococcales;f__Anaerovoracaceae;g__CAUHLX01;s__	taxonomic classification defined by topology and ANI	classification based on placement in class-level tree	N/A	74.96	11	0.98021	N/A
AH1_2nd_1:bin_000065	d__Bacteria;p__Bacillota;c__Bacilli;o__Lactobacillales;f__Lactobacillaceae;g__Weissella;s__Weissella confusa	GCF_007991875.1	95.0	d__Bacteria;p__Bacillota;c__Bacilli;o__Lactobacillales;f__Lactobacillaceae;g__Weissella;s__Weissella confusa	98.68	0.873	N/A	N/A	N/A	N/A	N/A	d__Bacteria;p__Bacillota;c__Bacilli;o__Lactobacillales;f__Lactobacillaceae;g__Weissella;s__	taxonomic classification defined by topology and ANI	topological placement and ANI have incongruent species assignments	GCF_007991875.1, s__Weissella confusa, 95.0, 98.68, 0.873; GCA_014332815.1, s__Weissella confusa_C, 95.0, 96.7, 0.557; GCF_004766315.1, s__Weissella confusa_A, 95.0, 92.77, 0.658; GCA_016466735.1, s__Weissella confusa_B, 95.0, 92.51, 0.682	59.54	11	N/A	N/A
AH1_2nd_1:bin_000073	d__Bacteria;p__Bacillota_I;c__Bacilli_A;o__Erysipelotrichales;f__Coprobacillaceae;g__;s__	N/A	N/A	N/A	N/A	N/A	N/A	N/A	N/A	N/A	N/A	d__Bacteria;p__Bacillota_I;c__Bacilli_A;o__Erysipelotrichales;f__Coprobacillaceae;g__;s__	taxonomic classification fully defined by topology	classification based on placement in class-level tree	N/A	50.53	11	0.84609	N/A
AH1_2nd_20:bin_000002	d__Bacteria;p__Cyanobacteriota;c__Vampirovibrionia;o__Gastranaerophilales;f__RUG14156;g__RUG14156;s__	N/A	N/A	N/A	N/A	N/A	N/A	N/A	N/A	N/A	N/A	d__Bacteria;p__Cyanobacteriota;c__Vampirovibrionia;o__Gastranaerophilales;f__RUG14156;g__RUG14156;s__	taxonomic classification defined by topology and ANI	classification based on placement in class-level tree	GCA_944324945.1, s__RUG14156 sp944324945, 95.0, 79.08, 0.15	95.65	11	0.96674	N/A
AH1_2nd_20:bin_000003	d__Bacteria;p__Cyanobacteriota;c__Vampirovibrionia;o__Gastranaerophilales;f__Gastranaerophilaceae;g__Scatenecus;s__	N/A	N/A	N/A	N/A	N/A	N/A	N/A	N/A	N/A	N/A	d__Bacteria;p__Cyanobacteriota;c__Vampirovibrionia;o__Gastranaerophilales;f__Gastranaerophilaceae;g__Scatenecus;s__	taxonomic classification fully defined by topology	classification based on placement in class-level tree	N/A	96.17	11	0.94261	N/A
AH1_2nd_20:bin_000004	d__Bacteria;p__Bacillota_A;c__Clostridia;o__Lachnospirales;f__Lachnospiraceae;g__Roseburia;s__	N/A	N/A	N/A	N/A	N/A	N/A	N/A	N/A	N/A	N/A	d__Bacteria;p__Bacillota_A;c__Clostridia;o__Lachnospirales;f__Lachnospiraceae;g__Roseburia;s__	taxonomic classification fully defined by topology	classification based on placement in class-level tree	N/A	94.88	11	0.92973	N/A
AH1_2nd_20:bin_000006	d__Bacteria;p__Bacteroidota;c__Bacteroidia;o__Bacteroidales;f__Marinifilaceae;g__Butyricimonas;s__Butyricimonas hominis	GCF_014287455.1	95.0	d__Bacteria;p__Bacteroidota;c__Bacteroidia;o__Bacteroidales;f__Marinifilaceae;g__Butyricimonas;s__Butyricimonas hominis	98.1	0.777	GCF_014287455.1	95.0	d__Bacteria;p__Bacteroidota;c__Bacteroidia;o__Bacteroidales;f__Marinifilaceae;g__Butyricimonas;s__Butyricimonas hominis	98.1	0.777	d__Bacteria;p__Bacteroidota;c__Bacteroidia;o__Bacteroidales;f__Marinifilaceae;g__Butyricimonas;s__	taxonomic classification defined by topology and ANI	topological placement and ANI have congruent species assignments	GCA_900759925.1, s__Butyricimonas sp900759925, 95.0, 83.64, 0.297; GCF_000379665.1, s__Butyricimonas synergistica, 95.0, 82.52, 0.282	95.09	11	N/A	N/A
AH1_2nd_20:bin_000008	d__Bacteria;p__Bacteroidota;c__Bacteroidia;o__Bacteroidales;f__Rikenellaceae;g__Alistipes;s__	N/A	N/A	N/A	N/A	N/A	GCA_902363575.1	95.0	d__Bacteria;p__Bacteroidota;c__Bacteroidia;o__Bacteroidales;f__Rikenellaceae;g__Alistipes;s__Alistipes sp902363575	83.66	0.367	d__Bacteria;p__Bacteroidota;c__Bacteroidia;o__Bacteroidales;f__Rikenellaceae;g__Alistipes;s__	taxonomic classification defined by topology and ANI	classification based on placement in class-level tree	N/A	95.11	11	0.98273	N/A
AH1_2nd_20:bin_000009	d__Bacteria;p__Bacillota_A;c__Clostridia;o__Lachnospirales;f__Lachnospiraceae;g__Kineothrix;s__	N/A	N/A	N/A	N/A	N/A	N/A	N/A	N/A	N/A	N/A	d__Bacteria;p__Bacillota_A;c__Clostridia;o__Lachnospirales;f__Lachnospiraceae;g__Kineothrix;s__	taxonomic classification fully defined by topology	classification based on placement in class-level tree	N/A	92.35	11	0.92343	N/A
AH1_2nd_20:bin_000014	d__Bacteria;p__Pseudomonadota;c__Gammaproteobacteria;o__Enterobacterales;f__Enterobacteriaceae;g__Citrobacter;s__Citrobacter portucalensis	GCF_002042885.1	95.0	d__Bacteria;p__Pseudomonadota;c__Gammaproteobacteria;o__Enterobacterales;f__Enterobacteriaceae;g__Citrobacter;s__Citrobacter portucalensis	98.26	0.87	GCF_002042885.1	95.0	d__Bacteria;p__Pseudomonadota;c__Gammaproteobacteria;o__Enterobacterales;f__Enterobacteriaceae;g__Citrobacter;s__Citrobacter portucalensis	98.26	0.87	d__Bacteria;p__Pseudomonadota;c__Gammaproteobacteria;o__Enterobacterales;f__Enterobacteriaceae;g__Citrobacter;s__	taxonomic classification defined by topology and ANI	topological placement and ANI have congruent species assignments	GCF_011064845.1, s__Citrobacter freundii, 95.0, 94.34, 0.787; GCF_002075345.1, s__Citrobacter braakii, 95.0, 93.08, 0.722; GCF_004353845.1, s__Citrobacter arsenatis, 95.0, 92.82, 0.76; GCA_020099315.1, s__Citrobacter europaeus, 95.0, 92.82, 0.713; GCF_024023655.1, s__Citrobacter meridianamericanus, 95.0, 91.57, 0.693; GCF_000759755.1, s__Citrobacter werkmanii, 95.0, 91.0, 0.721; GCF_000155975.1, s__Citrobacter portucalensis_A, 95.0, 90.6, 0.676; GCF_003818115.1, s__Citrobacter youngae, 95.0, 90.59, 0.668; GCF_008373795.1, s__Citrobacter pasteurii, 95.0, 90.03, 0.636; GCF_005281345.1, s__Citrobacter sp005281345, 95.0, 89.79, 0.598; GCF_030332225.1, s__Citrobacter sp030332225, 95.0, 89.05, 0.596; GCF_018342065.1, s__Citrobacter sp018342065, 95.0, 88.93, 0.557; GCF_004684345.1, s__Citrobacter tructae, 95.0, 88.6, 0.566; GCF_015672735.1, s__Citrobacter sp015672735, 95.0, 88.36, 0.559; GCF_029717145.1, s__Citrobacter gillenii, 95.0, 88.22, 0.56; GCF_945906775.1, s__Citrobacter sp945906775, 95.0, 88.18, 0.52; GCF_001037495.1, s__Citrobacter sp001037495, 95.0, 88.11, 0.523	90.25	11	N/A	N/A
AH1_2nd_20:bin_000016	d__Bacteria;p__Bacillota_I;c__Bacilli_A;o__Erysipelotrichales;f__Erysipelotrichaceae;g__;s__	N/A	N/A	N/A	N/A	N/A	N/A	N/A	N/A	N/A	N/A	d__Bacteria;p__Bacillota_I;c__Bacilli_A;o__Erysipelotrichales;f__Erysipelotrichaceae;g__;s__	taxonomic novelty determined using RED	classification based on placement in class-level tree	N/A	93.82	11	0.83741	N/A
AH1_2nd_20:bin_000024	d__Bacteria;p__Pseudomonadota;c__Alphaproteobacteria;o__RF32;f__CAG-239;g__CAZU01;s__	N/A	N/A	N/A	N/A	N/A	N/A	N/A	N/A	N/A	N/A	d__Bacteria;p__Pseudomonadota;c__Alphaproteobacteria;o__RF32;f__CAG-239;g__CAZU01;s__	taxonomic classification fully defined by topology	classification based on placement in class-level tree	N/A	92.12	11	0.95431	N/A
AH1_2nd_20:bin_000025	d__Bacteria;p__Bacillota_A;c__Clostridia;o__Lachnospirales;f__CAG-274;g__;s__	N/A	N/A	N/A	N/A	N/A	N/A	N/A	N/A	N/A	N/A	d__Bacteria;p__Bacillota_A;c__Clostridia;o__Lachnospirales;f__CAG-274;g__;s__	taxonomic classification fully defined by topology	classification based on placement in class-level tree	N/A	89.24	11	0.76654	N/A
AH1_2nd_20:bin_000027	d__Bacteria;p__Desulfobacterota;c__Desulfovibrionia;o__Desulfovibrionales;f__Desulfovibrionaceae;g__Desulfovibrio;s__	N/A	N/A	N/A	N/A	N/A	GCF_011039085.1	95.0	d__Bacteria;p__Desulfobacterota;c__Desulfovibrionia;o__Desulfovibrionales;f__Desulfovibrionaceae;g__Desulfovibrio;s__Desulfovibrio sp011039085	N/A	N/A	d__Bacteria;p__Desulfobacterota;c__Desulfovibrionia;o__Desulfovibrionales;f__Desulfovibrionaceae;g__Desulfovibrio;s__	taxonomic classification defined by topology and ANI	classification based on placement in class-level tree	GCF_009696265.1, s__Desulfovibrio porci, 95.0, 82.84, 0.25; GCF_001553605.1, s__Desulfovibrio fairfieldensis, 95.0, 82.63, 0.21; GCF_018379785.1, s__Desulfovibrio sp018379785, 95.0, 82.57, 0.203	89.26	11	0.93539	N/A
AH1_2nd_20:bin_000031	d__Bacteria;p__Pseudomonadota;c__Alphaproteobacteria;o__UBA3830;f__;g__;s__	N/A	N/A	N/A	N/A	N/A	N/A	N/A	N/A	N/A	N/A	d__Bacteria;p__Pseudomonadota;c__Alphaproteobacteria;o__UBA3830;f__;g__;s__	taxonomic novelty determined using RED	classification based on placement in class-level tree	N/A	88.82	11	0.68073	N/A
AH1_2nd_20:bin_000037	d__Bacteria;p__Pseudomonadota;c__Alphaproteobacteria;o__RF32;f__CAG-239;g__CAZU01;s__	N/A	N/A	N/A	N/A	N/A	N/A	N/A	N/A	N/A	N/A	d__Bacteria;p__Pseudomonadota;c__Alphaproteobacteria;o__RF32;f__CAG-239;g__CAZU01;s__	taxonomic classification fully defined by topology	classification based on placement in class-level tree	N/A	85.66	11	0.96199	N/A
AH1_2nd_20:bin_000040	d__Bacteria;p__Desulfobacterota;c__Desulfovibrionia;o__Desulfovibrionales;f__Desulfovibrionaceae;g__Bilophila;s__Bilophila wadsworthia	GCF_000701705.1	95.0	d__Bacteria;p__Desulfobacterota;c__Desulfovibrionia;o__Desulfovibrionales;f__Desulfovibrionaceae;g__Bilophila;s__Bilophila wadsworthia	98.91	0.894	GCF_000701705.1	95.0	d__Bacteria;p__Desulfobacterota;c__Desulfovibrionia;o__Desulfovibrionales;f__Desulfovibrionaceae;g__Bilophila;s__Bilophila wadsworthia	98.91	0.894	d__Bacteria;p__Desulfobacterota;c__Desulfovibrionia;o__Desulfovibrionales;f__Desulfovibrionaceae;g__Bilophila;s__	taxonomic classification defined by topology and ANI	topological placement and ANI have congruent species assignments	GCA_900550745.1, s__Bilophila sp900550745, 95.0, 93.18, 0.735; GCA_900553145.1, s__Bilophila sp900553145, 95.0, 90.57, 0.632; GCA_959604115.1, s__Bilophila sp959604115, 95.0, 85.36, 0.29; GCF_902373525.1, s__Bilophila sp902373525, 95.0, 84.95, 0.328; GCA_019114025.1, s__Bilophila faecipullorum, 95.0, 84.62, 0.178	84.49	11	N/A	N/A
AH1_2nd_20:bin_000041	d__Bacteria;p__Bacillota_A;c__Clostridia;o__Christensenellales;f__CALVMC01;g__;s__	N/A	N/A	N/A	N/A	N/A	N/A	N/A	N/A	N/A	N/A	d__Bacteria;p__Bacillota_A;c__Clostridia;o__Christensenellales;f__CALVMC01;g__;s__	taxonomic novelty determined using RED	classification based on placement in class-level tree	N/A	83.54	11	0.77943	N/A
AH1_2nd_20:bin_000042	d__Bacteria;p__Bacillota_A;c__Clostridia;o__Lachnospirales;f__Lachnospiraceae;g__Hungatella;s__	N/A	N/A	N/A	N/A	N/A	N/A	N/A	N/A	N/A	N/A	d__Bacteria;p__Bacillota_A;c__Clostridia;o__Lachnospirales;f__Lachnospiraceae;g__Hungatella;s__	taxonomic classification defined by topology and ANI	classification based on placement in class-level tree	GCF_025149285.1, s__Hungatella hathewayi, 95.0, 81.63, 0.176; GCF_003201875.1, s__Hungatella effluvii, 95.0, 81.58, 0.179	82.56	11	0.96656	N/A
AH1_2nd_20:bin_000046	d__Bacteria;p__Desulfobacterota;c__Desulfovibrionia;o__Desulfovibrionales;f__Desulfovibrionaceae;g__WRHT01;s__	N/A	N/A	N/A	N/A	N/A	N/A	N/A	N/A	N/A	N/A	d__Bacteria;p__Desulfobacterota;c__Desulfovibrionia;o__Desulfovibrionales;f__Desulfovibrionaceae;g__WRHT01;s__	taxonomic classification fully defined by topology	classification based on placement in class-level tree	N/A	83.73	11	0.88574	N/A
AH1_2nd_20:bin_000053	d__Bacteria;p__Bacillota_A;c__Clostridia;o__Christensenellales;f__UBA1242;g__UBA6345;s__	N/A	N/A	N/A	N/A	N/A	N/A	N/A	N/A	N/A	N/A	d__Bacteria;p__Bacillota_A;c__Clostridia;o__Christensenellales;f__UBA1242;g__UBA6345;s__	taxonomic classification fully defined by topology	classification based on placement in class-level tree	N/A	80.0	11	0.92751	N/A
AH1_2nd_20:bin_000054	d__Bacteria;p__Bacillota_I;c__Bacilli_A;o__Erysipelotrichales;f__Erysipelotrichaceae;g__Eubacterium_P;s__	N/A	N/A	N/A	N/A	N/A	N/A	N/A	N/A	N/A	N/A	d__Bacteria;p__Bacillota_I;c__Bacilli_A;o__Erysipelotrichales;f__Erysipelotrichaceae;g__Eubacterium_P;s__	taxonomic novelty determined using RED	classification based on placement in class-level tree	N/A	78.55	11	0.93429	N/A
AH1_2nd_20:bin_000061	d__Bacteria;p__Bacillota;c__Bacilli;o__Lactobacillales;f__Enterococcaceae;g__Enterococcus;s__	N/A	N/A	N/A	N/A	N/A	GCF_002140975.1	95.0	d__Bacteria;p__Bacillota;c__Bacilli;o__Lactobacillales;f__Enterococcaceae;g__Enterococcus;s__Enterococcus clewellii	90.93	0.73	d__Bacteria;p__Bacillota;c__Bacilli;o__Lactobacillales;f__Enterococcaceae;g__Enterococcus;s__	taxonomic classification defined by topology and ANI	classification based on placement in class-level tree	N/A	72.95	11	0.99526	Genome not assigned to closest species as it falls outside its pre-defined ANI radius;Genome has more than 10.8% of markers with multiple hits
AH1_2nd_20:bin_000070	d__Bacteria;p__Bacillota_A;c__Clostridia;o__Oscillospirales;f__Ruminococcaceae;g__Anaerotruncus;s__	N/A	N/A	N/A	N/A	N/A	N/A	N/A	N/A	N/A	N/A	d__Bacteria;p__Bacillota_A;c__Clostridia;o__Oscillospirales;f__Ruminococcaceae;g__Anaerotruncus;s__	taxonomic classification fully defined by topology	classification based on placement in class-level tree	N/A	74.62	11	0.95111	N/A
AH1_2nd_20:bin_000073	d__Bacteria;p__Bacillota;c__Bacilli;o__Lactobacillales;f__Enterococcaceae;g__Enterococcus;s__Enterococcus dunnyi	GCF_002174455.1	95.0	d__Bacteria;p__Bacillota;c__Bacilli;o__Lactobacillales;f__Enterococcaceae;g__Enterococcus;s__Enterococcus dunnyi	97.44	0.815	GCF_002174455.1	95.0	d__Bacteria;p__Bacillota;c__Bacilli;o__Lactobacillales;f__Enterococcaceae;g__Enterococcus;s__Enterococcus dunnyi	97.44	0.815	d__Bacteria;p__Bacillota;c__Bacilli;o__Lactobacillales;f__Enterococcaceae;g__Enterococcus;s__	taxonomic classification defined by topology and ANI	topological placement and ANI have congruent species assignments	GCF_002197645.1, s__Enterococcus wangshanyuanii, 95.0, 90.73, 0.677; GCF_001730305.1, s__Enterococcus termitis, 95.0, 82.73, 0.178	70.92	11	N/A	N/A
AH1_2nd_20:bin_000075	d__Bacteria;p__Desulfobacterota;c__Desulfovibrionia;o__Desulfovibrionales;f__Desulfovibrionaceae;g__Mailhella;s__	N/A	N/A	N/A	N/A	N/A	N/A	N/A	N/A	N/A	N/A	d__Bacteria;p__Desulfobacterota;c__Desulfovibrionia;o__Desulfovibrionales;f__Desulfovibrionaceae;g__Mailhella;s__	taxonomic classification fully defined by topology	classification based on placement in class-level tree	N/A	69.33	11	0.97525	N/A
AH1_2nd_20:bin_000087	d__Bacteria;p__Bacteroidota;c__Bacteroidia;o__Bacteroidales;f__Tannerellaceae;g__Parabacteroides;s__Parabacteroides gordonii	GCF_000969825.1	95.0	d__Bacteria;p__Bacteroidota;c__Bacteroidia;o__Bacteroidales;f__Tannerellaceae;g__Parabacteroides;s__Parabacteroides gordonii	95.25	0.737	GCF_000969825.1	95.0	d__Bacteria;p__Bacteroidota;c__Bacteroidia;o__Bacteroidales;f__Tannerellaceae;g__Parabacteroides;s__Parabacteroides gordonii	95.25	0.737	d__Bacteria;p__Bacteroidota;c__Bacteroidia;o__Bacteroidales;f__Tannerellaceae;g__Parabacteroides;s__	taxonomic classification defined by topology and ANI	topological placement and ANI have congruent species assignments	GCF_905196875.1, s__Parabacteroides sp905196875, 95.0, 85.95, 0.45; GCF_015550595.1, s__Parabacteroides sp900540715, 95.0, 84.8, 0.405; GCF_900128505.1, s__Parabacteroides timonensis, 95.0, 84.74, 0.401; GCF_000969835.1, s__Parabacteroides goldsteinii, 95.0, 82.61, 0.258; GCF_014287545.1, s__Parabacteroides segnis, 95.0, 82.54, 0.267; GCF_029581355.1, s__Parabacteroides chongii, 95.0, 82.45, 0.256; GCA_021204335.1, s__Parabacteroides sp021204335, 95.0, 82.11, 0.21; GCF_014647375.1, s__Parabacteroides faecis, 95.0, 81.28, 0.229	68.84	11	N/A	N/A
AH1_2nd_20:bin_000089	d__Bacteria;p__Bacillota_A;c__Clostridia;o__TANB77;f__CAG-508;g__;s__	N/A	N/A	N/A	N/A	N/A	N/A	N/A	N/A	N/A	N/A	d__Bacteria;p__Bacillota_A;c__Clostridia;o__TANB77;f__CAG-508;g__;s__	taxonomic classification fully defined by topology	classification based on placement in class-level tree	N/A	66.0	11	0.87413	N/A
AH1_2nd_20:bin_000095	d__Bacteria;p__Bacillota_A;c__Clostridia;o__Lachnospirales;f__Lachnospiraceae;g__MGBC165282;s__	N/A	N/A	N/A	N/A	N/A	N/A	N/A	N/A	N/A	N/A	d__Bacteria;p__Bacillota_A;c__Clostridia;o__Lachnospirales;f__Lachnospiraceae;g__MGBC165282;s__	taxonomic novelty determined using RED	classification based on placement in class-level tree	N/A	52.79	11	0.92964	N/A
AH1_2nd_2:bin_000001	d__Bacteria;p__Bacteroidota;c__Bacteroidia;o__Bacteroidales;f__Bacteroidaceae;g__;s__	N/A	N/A	N/A	N/A	N/A	N/A	N/A	N/A	N/A	N/A	d__Bacteria;p__Bacteroidota;c__Bacteroidia;o__Bacteroidales;f__Bacteroidaceae;g__;s__	taxonomic novelty determined using RED	classification based on placement in class-level tree	N/A	98.01	11	0.89573	N/A
AH1_2nd_2:bin_000003	d__Bacteria;p__Bacillota_A;c__Clostridia;o__Lachnospirales;f__Lachnospiraceae;g__JAAYNV01;s__	N/A	N/A	N/A	N/A	N/A	N/A	N/A	N/A	N/A	N/A	d__Bacteria;p__Bacillota_A;c__Clostridia;o__Lachnospirales;f__Lachnospiraceae;g__JAAYNV01;s__	taxonomic novelty determined using RED	classification based on placement in class-level tree	N/A	94.82	11	0.92662	N/A
AH1_2nd_2:bin_000017	d__Bacteria;p__Bacillota_A;c__Clostridia;o__Lachnospirales;f__Lachnospiraceae;g__Alitiscatomonas;s__	N/A	N/A	N/A	N/A	N/A	N/A	N/A	N/A	N/A	N/A	d__Bacteria;p__Bacillota_A;c__Clostridia;o__Lachnospirales;f__Lachnospiraceae;g__Alitiscatomonas;s__	taxonomic classification fully defined by topology	classification based on placement in class-level tree	N/A	88.62	11	0.94245	N/A
AH1_2nd_2:bin_000018	d__Bacteria;p__Elusimicrobiota;c__Elusimicrobia;o__Elusimicrobiales;f__Elusimicrobiaceae;g__Avelusimicrobium;s__	N/A	N/A	N/A	N/A	N/A	N/A	N/A	N/A	N/A	N/A	d__Bacteria;p__Elusimicrobiota;c__Elusimicrobia;o__Elusimicrobiales;f__Elusimicrobiaceae;g__Avelusimicrobium;s__	taxonomic classification fully defined by topology	classification based on placement in class-level tree	N/A	90.8	11	0.92625	N/A
AH1_2nd_2:bin_000034	d__Bacteria;p__Verrucomicrobiota;c__Verrucomicrobiae;o__Opitutales;f__JAIRLM01;g__;s__	N/A	N/A	N/A	N/A	N/A	N/A	N/A	N/A	N/A	N/A	d__Bacteria;p__Verrucomicrobiota;c__Verrucomicrobiae;o__Opitutales;f__JAIRLM01;g__;s__	taxonomic novelty determined using RED	classification based on placement in class-level tree	N/A	78.15	11	0.76141	N/A
AH1_2nd_2:bin_000049	d__Bacteria;p__Bacillota_A;c__Clostridia;o__Christensenellales;f__UBA1242;g__;s__	N/A	N/A	N/A	N/A	N/A	N/A	N/A	N/A	N/A	N/A	d__Bacteria;p__Bacillota_A;c__Clostridia;o__Christensenellales;f__UBA1242;g__;s__	taxonomic novelty determined using RED	classification based on placement in class-level tree	N/A	47.05	11	0.80547	N/A
AH1_2nd_5:bin_000001	d__Bacteria;p__Bacillota_C;c__Negativicutes;o__Selenomonadales;f__;g__;s__	N/A	N/A	N/A	N/A	N/A	N/A	N/A	N/A	N/A	N/A	d__Bacteria;p__Bacillota_C;c__Negativicutes;o__Selenomonadales;f__;g__;s__	taxonomic novelty determined using RED	classification based on placement in class-level tree	N/A	94.9	11	0.70094	N/A
AH1_2nd_5:bin_000002	d__Bacteria;p__Bacteroidota;c__Bacteroidia;o__Bacteroidales;f__Marinifilaceae;g__Odoribacter;s__	N/A	N/A	N/A	N/A	N/A	N/A	N/A	N/A	N/A	N/A	d__Bacteria;p__Bacteroidota;c__Bacteroidia;o__Bacteroidales;f__Marinifilaceae;g__Odoribacter;s__	taxonomic classification defined by topology and ANI	classification based on placement in class-level tree	GCA_900544025.1, s__Odoribacter sp900544025, 95.0, 83.85, 0.454; GCA_900541415.1, s__Odoribacter sp900541415, 95.0, 83.64, 0.431	96.07	11	0.97324	N/A
AH1_2nd_5:bin_000004	d__Bacteria;p__Bacillota_A;c__Clostridia;o__Oscillospirales;f__Acutalibacteraceae;g__;s__	N/A	N/A	N/A	N/A	N/A	N/A	N/A	N/A	N/A	N/A	d__Bacteria;p__Bacillota_A;c__Clostridia;o__Oscillospirales;f__Acutalibacteraceae;g__;s__	taxonomic classification fully defined by topology	classification based on placement in class-level tree	N/A	96.37	11	0.79095	N/A
AH1_2nd_5:bin_000005	d__Bacteria;p__Bacillota_B;c__Peptococcia;o__Peptococcales;f__Peptococcaceae;g__UBA7185;s__	N/A	N/A	N/A	N/A	N/A	N/A	N/A	N/A	N/A	N/A	d__Bacteria;p__Bacillota_B;c__Peptococcia;o__Peptococcales;f__Peptococcaceae;g__UBA7185;s__	taxonomic classification fully defined by topology	classification based on placement in class-level tree	N/A	92.97	11	0.96174	N/A
AH1_2nd_5:bin_000006	d__Bacteria;p__Bacillota_C;c__Negativicutes;o__Acidaminococcales;f__Acidaminococcaceae;g__Phascolarctobacterium;s__Phascolarctobacterium sp900544795	GCF_900544795.1	95.0	d__Bacteria;p__Bacillota_C;c__Negativicutes;o__Acidaminococcales;f__Acidaminococcaceae;g__Phascolarctobacterium;s__Phascolarctobacterium sp900544795	98.44	0.92	GCF_900544795.1	95.0	d__Bacteria;p__Bacillota_C;c__Negativicutes;o__Acidaminococcales;f__Acidaminococcaceae;g__Phascolarctobacterium;s__Phascolarctobacterium sp900544795	98.44	0.92	d__Bacteria;p__Bacillota_C;c__Negativicutes;o__Acidaminococcales;f__Acidaminococcaceae;g__Phascolarctobacterium;s__	taxonomic classification defined by topology and ANI	topological placement and ANI have congruent species assignments	GCA_900551745.1, s__Phascolarctobacterium sp900551745, 95.0, 82.26, 0.302; GCF_900545535.1, s__Phascolarctobacterium sp900545535, 95.0, 81.91, 0.345; GCF_003269275.1, s__Phascolarctobacterium faecium, 95.0, 81.65, 0.327	94.78	11	N/A	N/A
AH1_2nd_5:bin_000016	d__Bacteria;p__Bacillota;c__Bacilli;o__Lactobacillales;f__Enterococcaceae;g__Enterococcus_B;s__Enterococcus_B pernyi	GCF_013394305.1	96.7	d__Bacteria;p__Bacillota;c__Bacilli;o__Lactobacillales;f__Enterococcaceae;g__Enterococcus_B;s__Enterococcus_B pernyi	99.37	0.93	GCF_013394305.1	96.7	d__Bacteria;p__Bacillota;c__Bacilli;o__Lactobacillales;f__Enterococcaceae;g__Enterococcus_B;s__Enterococcus_B pernyi	99.37	0.93	d__Bacteria;p__Bacillota;c__Bacilli;o__Lactobacillales;f__Enterococcaceae;g__Enterococcus_B;s__	taxonomic classification defined by topology and ANI	topological placement and ANI have congruent species assignments	GCF_002813755.1, s__Enterococcus_B mundtii, 95.2, 96.39, 0.851; GCF_003957375.1, s__Enterococcus_B mundtii_C, 95.0, 96.05, 0.886; GCF_002947535.1, s__Enterococcus_B mundtii_B, 95.0, 94.18, 0.816; GCF_017316305.1, s__Enterococcus_B mangumiae, 95.0, 88.18, 0.647	90.82	11	N/A	N/A
AH1_2nd_5:bin_000023	d__Bacteria;p__Bacillota_A;c__Clostridia;o__Lachnospirales;f__Lachnospiraceae;g__Blautia;s__	N/A	N/A	N/A	N/A	N/A	N/A	N/A	N/A	N/A	N/A	d__Bacteria;p__Bacillota_A;c__Clostridia;o__Lachnospirales;f__Lachnospiraceae;g__Blautia;s__	taxonomic classification fully defined by topology	classification based on placement in class-level tree	N/A	88.3	11	0.96979	N/A
AH1_2nd_5:bin_000037	d__Bacteria;p__Bacillota_A;c__Clostridia;o__Oscillospirales;f__Oscillospiraceae;g__Pseudoflavonifractor;s__	N/A	N/A	N/A	N/A	N/A	N/A	N/A	N/A	N/A	N/A	d__Bacteria;p__Bacillota_A;c__Clostridia;o__Oscillospirales;f__Oscillospiraceae;g__Pseudoflavonifractor;s__	taxonomic classification fully defined by topology	classification based on placement in class-level tree	N/A	79.5	11	0.96758	Genome has more than 10.8% of markers with multiple hits
AH1_2nd_5:bin_000051	d__Bacteria;p__Bacteroidota;c__Bacteroidia;o__Bacteroidales;f__Bacteroidaceae;g__Bacteroides;s__	N/A	N/A	N/A	N/A	N/A	N/A	N/A	N/A	N/A	N/A	d__Bacteria;p__Bacteroidota;c__Bacteroidia;o__Bacteroidales;f__Bacteroidaceae;g__Bacteroides;s__	taxonomic classification fully defined by topology	classification based on placement in class-level tree	N/A	75.75	11	0.96872	N/A
AH1_2nd_5:bin_000054	d__Bacteria;p__Bacteroidota;c__Bacteroidia;o__Bacteroidales;f__Bacteroidaceae;g__Bacteroides;s__Bacteroides sp902491285	GCF_902491285.1	95.0	d__Bacteria;p__Bacteroidota;c__Bacteroidia;o__Bacteroidales;f__Bacteroidaceae;g__Bacteroides;s__Bacteroides sp902491285	97.88	0.723	GCF_902491285.1	95.0	d__Bacteria;p__Bacteroidota;c__Bacteroidia;o__Bacteroidales;f__Bacteroidaceae;g__Bacteroides;s__Bacteroides sp902491285	97.88	0.723	d__Bacteria;p__Bacteroidota;c__Bacteroidia;o__Bacteroidales;f__Bacteroidaceae;g__Bacteroides;s__	taxonomic classification defined by topology and ANI	topological placement and ANI have congruent species assignments	GCF_012113595.1, s__Bacteroides faecium, 95.0, 89.72, 0.594; GCF_903181435.1, s__Bacteroides sp900765785, 95.0, 88.9, 0.517; GCF_900130125.1, s__Bacteroides congonensis, 95.0, 88.42, 0.565; GCF_024623065.1, s__Bacteroides acidifaciens, 95.0, 88.24, 0.436; GCF_900761785.1, s__Bacteroides sp900761785, 95.0, 87.58, 0.541; GCA_948847595.1, s__Bacteroides sp948847595, 95.0, 86.14, 0.344; GCF_014750685.1, s__Bacteroides sp014750685, 95.0, 86.09, 0.457; GCA_947038155.1, s__Bacteroides sp947038155, 95.0, 85.16, 0.313; GCA_934716785.1, s__Bacteroides sp934716785, 95.0, 84.06, 0.2; GCA_948742525.1, s__Bacteroides caecimuris_A, 95.0, 83.8, 0.243; GCF_002222615.2, s__Bacteroides caccae, 95.0, 83.25, 0.316; GCF_001688725.2, s__Bacteroides caecimuris, 95.0, 83.24, 0.239; GCA_959606905.1, s__Bacteroides sp959606905, 95.0, 83.18, 0.165; GCF_000210075.1, s__Bacteroides xylanisolvens, 95.0, 83.13, 0.273; GCA_900556625.1, s__Bacteroides sp900556625, 95.0, 82.94, 0.271; GCA_902362375.1, s__Bacteroides sp902362375, 95.0, 82.93, 0.273; GCF_001314995.1, s__Bacteroides ovatus, 95.19, 82.92, 0.285; GCF_009193295.2, s__Bacteroides luhongzhouii, 95.0, 82.83, 0.254; GCA_948436425.1, s__Bacteroides sp948436425, 95.0, 82.67, 0.214; GCF_910586915.1, s__Bacteroides sp910586915, 95.0, 82.49, 0.247; GCF_958387885.1, s__Bacteroides sp019412865, 95.0, 82.32, 0.257; GCA_019117555.1, s__Bacteroides intestinigallinarum, 95.0, 82.26, 0.256; GCA_030295565.1, s__Bacteroides finegoldii, 95.57, 81.74, 0.213; GCA_900755095.1, s__Bacteroides sp900755095, 95.0, 81.64, 0.2; GCF_009193325.2, s__Bacteroides zhangwenhongii, 95.0, 81.59, 0.221; GCF_900547205.1, s__Bacteroides sp900547205, 95.0, 80.93, 0.166	71.6	11	N/A	N/A
AH1_2nd_5:bin_000069	d__Bacteria;p__Bacteroidota;c__Bacteroidia;o__Bacteroidales;f__Bacteroidaceae;g__Bacteroides;s__	N/A	N/A	N/A	N/A	N/A	GCF_900547205.1	95.0	d__Bacteria;p__Bacteroidota;c__Bacteroidia;o__Bacteroidales;f__Bacteroidaceae;g__Bacteroides;s__Bacteroides sp900547205	90.73	0.634	d__Bacteria;p__Bacteroidota;c__Bacteroidia;o__Bacteroidales;f__Bacteroidaceae;g__Bacteroides;s__	taxonomic classification defined by topology and ANI	classification based on placement in class-level tree	GCF_900130125.1, s__Bacteroides congonensis, 95.0, 81.54, 0.159; GCF_002222615.2, s__Bacteroides caccae, 95.0, 81.51, 0.154; GCF_012113595.1, s__Bacteroides faecium, 95.0, 81.39, 0.164	64.67	11	0.99133	Genome not assigned to closest species as it falls outside its pre-defined ANI radius
AH1_2nd_5:bin_000073	d__Bacteria;p__Bacteroidota;c__Bacteroidia;o__Bacteroidales;f__Tannerellaceae;g__Parabacteroides;s__Parabacteroides goldsteinii	GCF_000969835.1	95.0	d__Bacteria;p__Bacteroidota;c__Bacteroidia;o__Bacteroidales;f__Tannerellaceae;g__Parabacteroides;s__Parabacteroides goldsteinii	97.77	0.771	GCF_000969835.1	95.0	d__Bacteria;p__Bacteroidota;c__Bacteroidia;o__Bacteroidales;f__Tannerellaceae;g__Parabacteroides;s__Parabacteroides goldsteinii	97.77	0.771	d__Bacteria;p__Bacteroidota;c__Bacteroidia;o__Bacteroidales;f__Tannerellaceae;g__Parabacteroides;s__	taxonomic classification defined by topology and ANI	topological placement and ANI have congruent species assignments	GCF_014287545.1, s__Parabacteroides segnis, 95.0, 95.21, 0.732; GCF_014647375.1, s__Parabacteroides faecis, 95.0, 84.31, 0.363; GCF_029581355.1, s__Parabacteroides chongii, 95.0, 83.04, 0.264; GCF_000969825.1, s__Parabacteroides gordonii, 95.0, 82.13, 0.245; GCF_905196875.1, s__Parabacteroides sp905196875, 95.0, 81.82, 0.213; GCF_015550595.1, s__Parabacteroides sp900540715, 95.0, 81.71, 0.222; GCF_900128505.1, s__Parabacteroides timonensis, 95.0, 81.63, 0.219	63.04	11	N/A	N/A
AH1_2nd_6:bin_000001	d__Bacteria;p__Bacteroidota;c__Bacteroidia;o__Flavobacteriales;f__Weeksellaceae;g__Moheibacter;s__	N/A	N/A	N/A	N/A	N/A	GCF_900176425.1	95.0	d__Bacteria;p__Bacteroidota;c__Bacteroidia;o__Flavobacteriales;f__Weeksellaceae;g__Moheibacter;s__Moheibacter sediminis	83.82	0.401	d__Bacteria;p__Bacteroidota;c__Bacteroidia;o__Flavobacteriales;f__Weeksellaceae;g__Moheibacter;s__	taxonomic classification defined by topology and ANI	classification based on placement in class-level tree	N/A	98.67	11	0.98581	N/A
AH1_2nd_6:bin_000002	d__Bacteria;p__Bacteroidota;c__Bacteroidia;o__Bacteroidales;f__Marinifilaceae;g__Odoribacter;s__	N/A	N/A	N/A	N/A	N/A	GCF_900091655.1	95.0	d__Bacteria;p__Bacteroidota;c__Bacteroidia;o__Bacteroidales;f__Marinifilaceae;g__Odoribacter;s__Odoribacter massiliensis	93.95	0.858	d__Bacteria;p__Bacteroidota;c__Bacteroidia;o__Bacteroidales;f__Marinifilaceae;g__Odoribacter;s__	taxonomic classification defined by topology and ANI	classification based on placement in class-level tree	N/A	96.33	11	0.99686	Genome not assigned to closest species as it falls outside its pre-defined ANI radius
AH1_2nd_6:bin_000003	d__Bacteria;p__Bacillota_A;c__Clostridia;o__Oscillospirales;f__Ruminococcaceae;g__UBA866;s__	N/A	N/A	N/A	N/A	N/A	N/A	N/A	N/A	N/A	N/A	d__Bacteria;p__Bacillota_A;c__Clostridia;o__Oscillospirales;f__Ruminococcaceae;g__UBA866;s__	taxonomic classification fully defined by topology	classification based on placement in class-level tree	N/A	96.54	11	0.92176	N/A
AH1_2nd_6:bin_000004	d__Bacteria;p__Cyanobacteriota;c__Vampirovibrionia;o__Gastranaerophilales;f__RUG14156;g__Galligastranaerophilus;s__	N/A	N/A	N/A	N/A	N/A	N/A	N/A	N/A	N/A	N/A	d__Bacteria;p__Cyanobacteriota;c__Vampirovibrionia;o__Gastranaerophilales;f__RUG14156;g__Galligastranaerophilus;s__	taxonomic classification fully defined by topology	classification based on placement in class-level tree	N/A	95.41	11	0.91557	N/A
AH1_2nd_6:bin_000006	d__Bacteria;p__Bacillota_A;c__Clostridia;o__Lachnospirales;f__Lachnospiraceae;g__JAAYNV01;s__	N/A	N/A	N/A	N/A	N/A	N/A	N/A	N/A	N/A	N/A	d__Bacteria;p__Bacillota_A;c__Clostridia;o__Lachnospirales;f__Lachnospiraceae;g__JAAYNV01;s__	taxonomic novelty determined using RED	classification based on placement in class-level tree	N/A	93.19	11	0.92602	N/A
AH1_2nd_6:bin_000017	d__Bacteria;p__Pseudomonadota;c__Alphaproteobacteria;o__RF32;f__CAG-239;g__JAFTYO01;s__	N/A	N/A	N/A	N/A	N/A	N/A	N/A	N/A	N/A	N/A	d__Bacteria;p__Pseudomonadota;c__Alphaproteobacteria;o__RF32;f__CAG-239;g__JAFTYO01;s__	taxonomic novelty determined using RED	classification based on placement in class-level tree	N/A	91.66	11	0.90848	N/A
AH1_2nd_6:bin_000024	d__Bacteria;p__Spirochaetota;c__Brevinematia;o__Brevinematales;f__Brevinemataceae;g__Brevinema;s__	N/A	N/A	N/A	N/A	N/A	GCF_900112165.1	95.0	d__Bacteria;p__Spirochaetota;c__Brevinematia;o__Brevinematales;f__Brevinemataceae;g__Brevinema;s__Brevinema andersonii	88.14	0.803	d__Bacteria;p__Spirochaetota;c__Brevinematia;o__Brevinematales;f__Brevinemataceae;g__Brevinema;s__	taxonomic classification defined by topology and ANI	classification based on placement in class-level tree	N/A	88.4	11	0.97476	Genome not assigned to closest species as it falls outside its pre-defined ANI radius
AH1_2nd_6:bin_000030	d__Bacteria;p__Pseudomonadota;c__Alphaproteobacteria;o__UBA3830;f__UBA3830;g__;s__	N/A	N/A	N/A	N/A	N/A	N/A	N/A	N/A	N/A	N/A	d__Bacteria;p__Pseudomonadota;c__Alphaproteobacteria;o__UBA3830;f__UBA3830;g__;s__	taxonomic novelty determined using RED	classification based on placement in class-level tree	N/A	87.73	11	0.86912	N/A
AH1_2nd_6:bin_000031	d__Bacteria;p__Bacillota_A;c__Clostridia;o__Oscillospirales;f__Oscillospiraceae;g__JAHHSE01;s__	N/A	N/A	N/A	N/A	N/A	N/A	N/A	N/A	N/A	N/A	d__Bacteria;p__Bacillota_A;c__Clostridia;o__Oscillospirales;f__Oscillospiraceae;g__JAHHSE01;s__	taxonomic novelty determined using RED	classification based on placement in class-level tree	N/A	84.49	11	0.93638	N/A
AH1_2nd_6:bin_000035	d__Bacteria;p__Bacillota_I;c__Bacilli_A;o__RF39;f__UBA660;g__Faecisoma;s__	N/A	N/A	N/A	N/A	N/A	N/A	N/A	N/A	N/A	N/A	d__Bacteria;p__Bacillota_I;c__Bacilli_A;o__RF39;f__UBA660;g__Faecisoma;s__	taxonomic classification fully defined by topology	classification based on placement in class-level tree	N/A	82.5	11	0.88691	N/A
AH1_2nd_6:bin_000037	d__Bacteria;p__Bacteroidota;c__Bacteroidia;o__Bacteroidales;f__UBA932;g__Egerieousia;s__	N/A	N/A	N/A	N/A	N/A	N/A	N/A	N/A	N/A	N/A	d__Bacteria;p__Bacteroidota;c__Bacteroidia;o__Bacteroidales;f__UBA932;g__Egerieousia;s__	taxonomic classification fully defined by topology	classification based on placement in class-level tree	N/A	81.37	11	0.94798	N/A
AH1_2nd_6:bin_000043	d__Bacteria;p__Bacillota_I;c__Bacilli_A;o__RF39;f__UBA660;g__;s__	N/A	N/A	N/A	N/A	N/A	N/A	N/A	N/A	N/A	N/A	d__Bacteria;p__Bacillota_I;c__Bacilli_A;o__RF39;f__UBA660;g__;s__	taxonomic novelty determined using RED	classification based on placement in class-level tree	N/A	77.58	11	0.82642	N/A
AH1_2nd_6:bin_000046	d__Bacteria;p__Bacteroidota;c__Bacteroidia;o__Bacteroidales;f__Bacteroidaceae;g__Bacteroides;s__	N/A	N/A	N/A	N/A	N/A	N/A	N/A	N/A	N/A	N/A	d__Bacteria;p__Bacteroidota;c__Bacteroidia;o__Bacteroidales;f__Bacteroidaceae;g__Bacteroides;s__	taxonomic classification fully defined by topology	classification based on placement in class-level tree	N/A	78.13	11	0.93872	N/A
AH1_2nd_6:bin_000058	d__Bacteria;p__Bacteroidota;c__Bacteroidia;o__Sphingobacteriales;f__Sphingobacteriaceae;g__Sphingobacterium;s__	N/A	N/A	N/A	N/A	N/A	N/A	N/A	N/A	N/A	N/A	d__Bacteria;p__Bacteroidota;c__Bacteroidia;o__Sphingobacteriales;f__Sphingobacteriaceae;g__Sphingobacterium;s__	taxonomic classification fully defined by topology	classification based on placement in class-level tree	N/A	64.55	11	0.98364	N/A
AH1_2nd_6:bin_000060	d__Bacteria;p__Bacillota_A;c__Clostridia;o__Oscillospirales;f__Oscillospiraceae;g__Intestinimonas;s__	N/A	N/A	N/A	N/A	N/A	GCA_900540545.1	95.0	d__Bacteria;p__Bacillota_A;c__Clostridia;o__Oscillospirales;f__Oscillospiraceae;g__Intestinimonas;s__Intestinimonas sp900540545	85.26	0.176	d__Bacteria;p__Bacillota_A;c__Clostridia;o__Oscillospirales;f__Oscillospiraceae;g__Intestinimonas;s__	taxonomic classification defined by topology and ANI	classification based on placement in class-level tree	N/A	64.69	11	0.96159	N/A
AH1_2nd_6:bin_000062	d__Bacteria;p__Bacteroidota;c__Bacteroidia;o__Bacteroidales;f__Muribaculaceae;g__HGM05232;s__	N/A	N/A	N/A	N/A	N/A	GCA_900759955.1	95.0	d__Bacteria;p__Bacteroidota;c__Bacteroidia;o__Bacteroidales;f__Muribaculaceae;g__HGM05232;s__HGM05232 sp900759955	86.22	0.4	d__Bacteria;p__Bacteroidota;c__Bacteroidia;o__Bacteroidales;f__Muribaculaceae;g__HGM05232;s__	taxonomic classification defined by topology and ANI	classification based on placement in class-level tree	N/A	62.64	11	0.98793	N/A
AH1_2nd_6:bin_000070	d__Bacteria;p__Pseudomonadota;c__Alphaproteobacteria;o__Caulobacterales;f__Caulobacteraceae;g__Asticcacaulis;s__	N/A	N/A	N/A	N/A	N/A	GCF_006475605.1	95.0	d__Bacteria;p__Pseudomonadota;c__Alphaproteobacteria;o__Caulobacterales;f__Caulobacteraceae;g__Asticcacaulis;s__Asticcacaulis tiandongensis	93.84	0.458	d__Bacteria;p__Pseudomonadota;c__Alphaproteobacteria;o__Caulobacterales;f__Caulobacteraceae;g__Asticcacaulis;s__	taxonomic classification defined by topology and ANI	classification based on placement in class-level tree	N/A	53.03	11	0.99302	Genome has more than 11.7% of markers with multiple hits
AH1_2nd_7:bin_000003	d__Bacteria;p__Pseudomonadota;c__Gammaproteobacteria;o__Enterobacterales;f__Enterobacteriaceae;g__Proteus;s__Proteus cibarius	GCF_011045835.1	96.33	d__Bacteria;p__Pseudomonadota;c__Gammaproteobacteria;o__Enterobacterales;f__Enterobacteriaceae;g__Proteus;s__Proteus cibarius	99.57	0.923	GCF_011045835.1	96.33	d__Bacteria;p__Pseudomonadota;c__Gammaproteobacteria;o__Enterobacterales;f__Enterobacteriaceae;g__Proteus;s__Proteus cibarius	99.57	0.923	d__Bacteria;p__Pseudomonadota;c__Gammaproteobacteria;o__Enterobacterales;f__Enterobacteriaceae;g__Proteus;s__	taxonomic classification defined by topology and ANI	topological placement and ANI have congruent species assignments	GCF_003144325.1, s__Proteus terrae, 95.77, 96.31, 0.898; GCF_016647575.1, s__Proteus mirabilis_B, 95.12, 95.02, 0.868; GCF_011046025.1, s__Proteus sp011046025, 95.0, 95.01, 0.875; GCF_009914335.1, s__Proteus sp003144505, 95.0, 92.93, 0.831; GCF_002607735.1, s__Proteus alimentorum, 95.0, 92.91, 0.806; GCF_002777965.1, s__Proteus columbae, 95.0, 92.86, 0.837; GCF_008808075.1, s__Proteus sp023454395, 95.0, 92.66, 0.826; GCF_003144395.1, s__Proteus faecis, 95.0, 91.98, 0.822; GCF_003144405.1, s__Proteus cibi, 95.0, 91.9, 0.825; GCF_003144535.1, s__Proteus penneri, 95.0, 91.55, 0.812; GCF_001722135.1, s__Proteus sp001722135, 95.0, 91.46, 0.815; GCF_023100685.1, s__Proteus sp003144375, 95.0, 91.4, 0.822; GCA_901472505.1, s__Proteus vulgaris, 95.0, 90.64, 0.788; GCF_016239305.1, s__Proteus vulgaris_C, 95.0, 90.59, 0.799; GCF_011045815.1, s__Proteus vulgaris_B, 95.0, 90.58, 0.794; GCF_014897315.1, s__Proteus sp014897315, 95.0, 89.75, 0.791; GCF_001654965.1, s__Proteus hauseri, 95.0, 85.45, 0.53; GCF_000160755.1, s__Proteus mirabilis, 95.0, 84.06, 0.414; GCF_001654855.1, s__Proteus myxofaciens, 95.0, 83.46, 0.341	95.95	11	N/A	N/A
AH1_2nd_7:bin_000004	d__Bacteria;p__Bacillota_A;c__Clostridia;o__Lachnospirales;f__Lachnospiraceae;g__Gallintestinimicrobium;s__	N/A	N/A	N/A	N/A	N/A	N/A	N/A	N/A	N/A	N/A	d__Bacteria;p__Bacillota_A;c__Clostridia;o__Lachnospirales;f__Lachnospiraceae;g__Gallintestinimicrobium;s__	taxonomic classification fully defined by topology	classification based on placement in class-level tree	N/A	94.46	11	0.9672	N/A
AH1_2nd_7:bin_000005	d__Bacteria;p__Bacillota_C;c__Negativicutes;o__Acidaminococcales;f__Acidaminococcaceae;g__Phascolarctobacterium;s__Phascolarctobacterium faecium	GCF_003269275.1	95.0	d__Bacteria;p__Bacillota_C;c__Negativicutes;o__Acidaminococcales;f__Acidaminococcaceae;g__Phascolarctobacterium;s__Phascolarctobacterium faecium	98.89	0.884	GCF_003269275.1	95.0	d__Bacteria;p__Bacillota_C;c__Negativicutes;o__Acidaminococcales;f__Acidaminococcaceae;g__Phascolarctobacterium;s__Phascolarctobacterium faecium	98.89	0.884	d__Bacteria;p__Bacillota_C;c__Negativicutes;o__Acidaminococcales;f__Acidaminococcaceae;g__Phascolarctobacterium;s__	taxonomic classification defined by topology and ANI	topological placement and ANI have congruent species assignments	GCA_900551745.1, s__Phascolarctobacterium sp900551745, 95.0, 94.41, 0.804; GCF_900545535.1, s__Phascolarctobacterium sp900545535, 95.0, 85.85, 0.525; GCF_900544795.1, s__Phascolarctobacterium sp900544795, 95.0, 81.99, 0.337	95.47	11	N/A	N/A
AH1_2nd_7:bin_000006	d__Bacteria;p__Bacillota_A;c__Clostridia;o__Lachnospirales;f__Lachnospiraceae;g__JALFVM01;s__	N/A	N/A	N/A	N/A	N/A	N/A	N/A	N/A	N/A	N/A	d__Bacteria;p__Bacillota_A;c__Clostridia;o__Lachnospirales;f__Lachnospiraceae;g__JALFVM01;s__	taxonomic novelty determined using RED	classification based on placement in class-level tree	N/A	94.1	11	0.94892	N/A
AH1_2nd_7:bin_000010	d__Bacteria;p__Pseudomonadota;c__Alphaproteobacteria;o__RF32;f__CAG-239;g__CAJLXD01;s__	N/A	N/A	N/A	N/A	N/A	GCA_900551585.1	95.0	d__Bacteria;p__Pseudomonadota;c__Alphaproteobacteria;o__RF32;f__CAG-239;g__CAJLXD01;s__CAJLXD01 sp900551585	82.25	0.156	d__Bacteria;p__Pseudomonadota;c__Alphaproteobacteria;o__RF32;f__CAG-239;g__CAJLXD01;s__	taxonomic classification defined by topology and ANI	classification based on placement in class-level tree	N/A	95.59	11	0.97483	N/A
AH1_2nd_7:bin_000011	d__Bacteria;p__Bacillota_A;c__Clostridia;o__Lachnospirales;f__Lachnospiraceae;g__Lacrimispora;s__	N/A	N/A	N/A	N/A	N/A	N/A	N/A	N/A	N/A	N/A	d__Bacteria;p__Bacillota_A;c__Clostridia;o__Lachnospirales;f__Lachnospiraceae;g__Lacrimispora;s__	taxonomic novelty determined using RED	classification based on placement in class-level tree	N/A	92.39	11	0.93162	N/A
AH1_2nd_7:bin_000015	d__Bacteria;p__Pseudomonadota;c__Alphaproteobacteria;o__RF32;f__CAG-239;g__CAZU01;s__	N/A	N/A	N/A	N/A	N/A	N/A	N/A	N/A	N/A	N/A	d__Bacteria;p__Pseudomonadota;c__Alphaproteobacteria;o__RF32;f__CAG-239;g__CAZU01;s__	taxonomic classification fully defined by topology	classification based on placement in class-level tree	N/A	94.82	11	0.9235	N/A
AH1_2nd_7:bin_000017	d__Bacteria;p__Desulfobacterota;c__Desulfovibrionia;o__Desulfovibrionales;f__Desulfovibrionaceae;g__Bilophila;s__	N/A	N/A	N/A	N/A	N/A	GCF_000055945.1	95.0	d__Bacteria;p__Desulfobacterota;c__Desulfovibrionia;o__Desulfovibrionales;f__Desulfovibrionaceae;g__Bilophila;s__Bilophila intracellularis	84.51	0.533	d__Bacteria;p__Desulfobacterota;c__Desulfovibrionia;o__Desulfovibrionales;f__Desulfovibrionaceae;g__Bilophila;s__	taxonomic classification defined by topology and ANI	classification based on placement in class-level tree	N/A	93.92	11	0.97767	Genome not assigned to closest species as it falls outside its pre-defined ANI radius
AH1_2nd_7:bin_000023	d__Bacteria;p__Bacillota_A;c__Clostridia;o__Lachnospirales;f__;g__;s__	N/A	N/A	N/A	N/A	N/A	N/A	N/A	N/A	N/A	N/A	d__Bacteria;p__Bacillota_A;c__Clostridia;o__Lachnospirales;f__;g__;s__	taxonomic classification fully defined by topology	classification based on placement in class-level tree	N/A	90.9	11	0.59973	N/A
AH1_2nd_7:bin_000027	d__Bacteria;p__Bacillota_A;c__Clostridia;o__Lachnospirales;f__Lachnospiraceae;g__Alitiscatomonas;s__	N/A	N/A	N/A	N/A	N/A	N/A	N/A	N/A	N/A	N/A	d__Bacteria;p__Bacillota_A;c__Clostridia;o__Lachnospirales;f__Lachnospiraceae;g__Alitiscatomonas;s__	taxonomic classification fully defined by topology	classification based on placement in class-level tree	N/A	89.75	11	0.94179	N/A
AH1_2nd_7:bin_000028	d__Bacteria;p__Campylobacterota;c__Campylobacteria;o__Campylobacterales;f__Helicobacteraceae;g__NHYM01;s__	N/A	N/A	N/A	N/A	N/A	GCF_003288815.1	95.0	d__Bacteria;p__Campylobacterota;c__Campylobacteria;o__Campylobacterales;f__Helicobacteraceae;g__NHYM01;s__NHYM01 sp003288815	80.06	0.244	d__Bacteria;p__Campylobacterota;c__Campylobacteria;o__Campylobacterales;f__Helicobacteraceae;g__NHYM01;s__	taxonomic classification defined by topology and ANI	classification based on placement in class-level tree	N/A	90.69	11	0.94673	N/A
AH1_2nd_7:bin_000036	d__Bacteria;p__Bacillota_A;c__Clostridia;o__Oscillospirales;f__Oscillospiraceae;g__Intestinimonas;s__	N/A	N/A	N/A	N/A	N/A	N/A	N/A	N/A	N/A	N/A	d__Bacteria;p__Bacillota_A;c__Clostridia;o__Oscillospirales;f__Oscillospiraceae;g__Intestinimonas;s__	taxonomic classification fully defined by topology	classification based on placement in class-level tree	N/A	87.83	11	0.96024	N/A
AH1_2nd_7:bin_000038	d__Bacteria;p__Bacillota_A;c__Clostridia;o__Oscillospirales;f__Ruminococcaceae;g__JAUNTE01;s__	N/A	N/A	N/A	N/A	N/A	N/A	N/A	N/A	N/A	N/A	d__Bacteria;p__Bacillota_A;c__Clostridia;o__Oscillospirales;f__Ruminococcaceae;g__JAUNTE01;s__	taxonomic novelty determined using RED	classification based on placement in class-level tree	N/A	84.75	11	0.96508	N/A
AH1_2nd_7:bin_000041	d__Bacteria;p__Bacillota_A;c__Clostridia;o__Lachnospirales;f__Lachnospiraceae;g__;s__	N/A	N/A	N/A	N/A	N/A	N/A	N/A	N/A	N/A	N/A	d__Bacteria;p__Bacillota_A;c__Clostridia;o__Lachnospirales;f__Lachnospiraceae;g__;s__	taxonomic novelty determined using RED	classification based on placement in class-level tree	N/A	80.95	11	0.84137	Genome has more than 10.0% of markers with multiple hits
AH1_2nd_7:bin_000055	d__Bacteria;p__Bacillota_I;c__Bacilli_A;o__Mycoplasmatales;f__Mycoplasmoidaceae;g__Ureaplasma;s__	N/A	N/A	N/A	N/A	N/A	N/A	N/A	N/A	N/A	N/A	d__Bacteria;p__Bacillota_I;c__Bacilli_A;o__Mycoplasmatales;f__Mycoplasmoidaceae;g__Ureaplasma;s__	taxonomic classification fully defined by topology	classification based on placement in class-level tree	N/A	77.4	4	0.83117	N/A
AH1_2nd_7:bin_000060	d__Bacteria;p__Bacillota_A;c__Clostridia;o__Eubacteriales;f__Eubacteriaceae;g__Eubacterium;s__	N/A	N/A	N/A	N/A	N/A	N/A	N/A	N/A	N/A	N/A	d__Bacteria;p__Bacillota_A;c__Clostridia;o__Eubacteriales;f__Eubacteriaceae;g__Eubacterium;s__	taxonomic classification defined by topology and ANI	classification based on placement in class-level tree	GCF_900142645.1, s__Eubacterium callanderi, 95.0, 86.06, 0.15; GCF_000807675.2, s__Eubacterium limosum, 95.0, 85.92, 0.165; GCF_015547515.1, s__Eubacterium sp015547515, 95.0, 85.73, 0.154	67.55	11	0.94977	N/A
AH1_2nd_7:bin_000065	d__Bacteria;p__Bacteroidota;c__Bacteroidia;o__Bacteroidales;f__Tannerellaceae;g__Parabacteroides;s__	N/A	N/A	N/A	N/A	N/A	N/A	N/A	N/A	N/A	N/A	d__Bacteria;p__Bacteroidota;c__Bacteroidia;o__Bacteroidales;f__Tannerellaceae;g__Parabacteroides;s__	taxonomic classification defined by topology and ANI	classification based on placement in class-level tree	GCF_014287545.1, s__Parabacteroides segnis, 95.0, 81.28, 0.185; GCF_000969835.1, s__Parabacteroides goldsteinii, 95.0, 81.16, 0.183; GCF_014647375.1, s__Parabacteroides faecis, 95.0, 80.56, 0.167	69.57	11	0.97728	N/A
AH1_2nd_7:bin_000070	d__Bacteria;p__Bacillota_A;c__Clostridia;o__Oscillospirales;f__Oscillospiraceae;g__Pseudoflavonifractor;s__	N/A	N/A	N/A	N/A	N/A	GCF_014287675.1	95.0	d__Bacteria;p__Bacillota_A;c__Clostridia;o__Oscillospirales;f__Oscillospiraceae;g__Pseudoflavonifractor;s__Pseudoflavonifractor faecis	88.81	0.345	d__Bacteria;p__Bacillota_A;c__Clostridia;o__Oscillospirales;f__Oscillospiraceae;g__Pseudoflavonifractor;s__	taxonomic classification defined by topology and ANI	classification based on placement in class-level tree	N/A	62.3	11	0.98678	N/A
AH1_2nd_7:bin_000083	d__Bacteria;p__Bacillota_A;c__Clostridia;o__Lachnospirales;f__Lachnospiraceae;g__Kineothrix;s__	N/A	N/A	N/A	N/A	N/A	N/A	N/A	N/A	N/A	N/A	d__Bacteria;p__Bacillota_A;c__Clostridia;o__Lachnospirales;f__Lachnospiraceae;g__Kineothrix;s__	taxonomic classification fully defined by topology	classification based on placement in class-level tree	N/A	48.78	11	0.92914	N/A
AH1_2nd_8:bin_000006	d__Bacteria;p__Bacillota_A;c__Clostridia;o__Lachnospirales;f__Lachnospiraceae;g__Suilimivivens;s__	N/A	N/A	N/A	N/A	N/A	N/A	N/A	N/A	N/A	N/A	d__Bacteria;p__Bacillota_A;c__Clostridia;o__Lachnospirales;f__Lachnospiraceae;g__Suilimivivens;s__	taxonomic classification fully defined by topology	classification based on placement in class-level tree	N/A	93.37	11	0.95445	N/A
AH1_2nd_8:bin_000007	d__Bacteria;p__Bacillota_I;c__Bacilli_A;o__Erysipelotrichales;f__Erysipelotrichaceae;g__Dielma;s__	N/A	N/A	N/A	N/A	N/A	N/A	N/A	N/A	N/A	N/A	d__Bacteria;p__Bacillota_I;c__Bacilli_A;o__Erysipelotrichales;f__Erysipelotrichaceae;g__Dielma;s__	taxonomic novelty determined using RED	classification based on placement in class-level tree	N/A	94.56	11	0.95455	N/A
AH1_2nd_8:bin_000020	d__Bacteria;p__Pseudomonadota;c__Alphaproteobacteria;o__RUG11792;f__RUG11792;g__JAISOC01;s__	N/A	N/A	N/A	N/A	N/A	N/A	N/A	N/A	N/A	N/A	d__Bacteria;p__Pseudomonadota;c__Alphaproteobacteria;o__RUG11792;f__RUG11792;g__JAISOC01;s__	taxonomic novelty determined using RED	classification based on placement in class-level tree	N/A	88.38	11	0.85953	N/A
AH1_2nd_8:bin_000022	d__Bacteria;p__Bacillota_I;c__Bacilli_A;o__Erysipelotrichales;f__Erysipelotrichaceae;g__;s__	N/A	N/A	N/A	N/A	N/A	N/A	N/A	N/A	N/A	N/A	d__Bacteria;p__Bacillota_I;c__Bacilli_A;o__Erysipelotrichales;f__Erysipelotrichaceae;g__;s__	taxonomic novelty determined using RED	classification based on placement in class-level tree	N/A	87.75	11	0.83688	N/A
AH1_2nd_8:bin_000027	d__Bacteria;p__Bacillota_I;c__Bacilli_A;o__Erysipelotrichales;f__Erysipelotrichaceae;g__Eubacterium_P;s__	N/A	N/A	N/A	N/A	N/A	N/A	N/A	N/A	N/A	N/A	d__Bacteria;p__Bacillota_I;c__Bacilli_A;o__Erysipelotrichales;f__Erysipelotrichaceae;g__Eubacterium_P;s__	taxonomic novelty determined using RED	classification based on placement in class-level tree	N/A	83.65	11	0.9382	N/A
AH1_2nd_8:bin_000042	d__Bacteria;p__Campylobacterota;c__Campylobacteria;o__Campylobacterales;f__Arcobacteraceae;g__Aliarcobacter;s__Aliarcobacter butzleri	GCF_900187115.1	95.0	d__Bacteria;p__Campylobacterota;c__Campylobacteria;o__Campylobacterales;f__Arcobacteraceae;g__Aliarcobacter;s__Aliarcobacter butzleri	97.49	0.904	GCF_900187115.1	95.0	d__Bacteria;p__Campylobacterota;c__Campylobacteria;o__Campylobacterales;f__Arcobacteraceae;g__Aliarcobacter;s__Aliarcobacter butzleri	97.49	0.904	d__Bacteria;p__Campylobacterota;c__Campylobacteria;o__Campylobacterales;f__Arcobacteraceae;g__Aliarcobacter;s__	taxonomic classification defined by topology and ANI	topological placement and ANI have congruent species assignments	GCF_003063295.1, s__Aliarcobacter lacus, 95.0, 94.53, 0.768; GCF_003544915.1, s__Aliarcobacter ellisii, 95.0, 87.45, 0.289; GCF_013201725.1, s__Aliarcobacter defluvii, 95.0, 87.32, 0.278; GCF_013177635.1, s__Aliarcobacter aquimarinus, 95.0, 87.1, 0.243; GCF_003316695.1, s__Aliarcobacter vitoriensis, 95.0, 86.81, 0.24; GCF_013201935.1, s__Aliarcobacter cloacae, 95.0, 86.51, 0.243; GCF_003544815.1, s__Aliarcobacter suis, 95.0, 86.23, 0.213; GCA_028688995.1, s__Aliarcobacter sp028688995, 95.0, 86.19, 0.174; GCF_014352935.1, s__Aliarcobacter cryaerophilus_A, 95.09, 86.16, 0.174; GCF_013201665.1, s__Aliarcobacter venerupis, 95.0, 86.12, 0.192; GCF_013201625.1, s__Aliarcobacter lanthieri, 95.0, 86.11, 0.21; GCA_028703945.1, s__Aliarcobacter sp028703945, 95.0, 85.99, 0.176; GCF_003063245.1, s__Aliarcobacter caeni, 95.0, 85.91, 0.193; GCA_028690445.1, s__Aliarcobacter sp028690445, 95.0, 85.88, 0.187; GCF_013201705.1, s__Aliarcobacter faecis, 95.0, 85.73, 0.176; GCA_028689025.1, s__Aliarcobacter sp028689025, 95.0, 85.62, 0.166; GCA_017995775.1, s__Aliarcobacter sp017995775, 95.0, 85.23, 0.155; GCA_018816105.1, s__Aliarcobacter sp018816105, 95.0, 85.16, 0.152	68.14	11	N/A	N/A
AH1_2nd_8:bin_000051	d__Bacteria;p__Bacteroidota;c__Bacteroidia;o__Bacteroidales;f__Bacteroidaceae;g__Bacteroides;s__	N/A	N/A	N/A	N/A	N/A	GCF_900547205.1	95.0	d__Bacteria;p__Bacteroidota;c__Bacteroidia;o__Bacteroidales;f__Bacteroidaceae;g__Bacteroides;s__Bacteroides sp900547205	81.67	0.213	d__Bacteria;p__Bacteroidota;c__Bacteroidia;o__Bacteroidales;f__Bacteroidaceae;g__Bacteroides;s__	taxonomic classification defined by topology and ANI	classification based on placement in class-level tree	GCF_012113595.1, s__Bacteroides faecium, 95.0, 80.83, 0.161; GCF_001314995.1, s__Bacteroides ovatus, 95.19, 80.75, 0.16; GCA_902362375.1, s__Bacteroides sp902362375, 95.0, 80.74, 0.156; GCF_014750685.1, s__Bacteroides sp014750685, 95.0, 80.66, 0.16; GCF_900130125.1, s__Bacteroides congonensis, 95.0, 80.58, 0.16; GCF_009193295.2, s__Bacteroides luhongzhouii, 95.0, 80.51, 0.151; GCF_958387885.1, s__Bacteroides sp019412865, 95.0, 80.46, 0.152; GCF_002222615.2, s__Bacteroides caccae, 95.0, 80.45, 0.165	67.17	11	0.98096	N/A
AH1_2nd_8:bin_000056	d__Bacteria;p__Bacteroidota;c__Bacteroidia;o__Bacteroidales;f__Bacteroidaceae;g__Bacteroides;s__	N/A	N/A	N/A	N/A	N/A	N/A	N/A	N/A	N/A	N/A	d__Bacteria;p__Bacteroidota;c__Bacteroidia;o__Bacteroidales;f__Bacteroidaceae;g__Bacteroides;s__	taxonomic classification fully defined by topology	classification based on placement in class-level tree	N/A	64.03	11	0.97338	N/A
AH1_2nd_9:bin_000002	d__Bacteria;p__Bacteroidota;c__Bacteroidia;o__Bacteroidales;f__Bacteroidaceae;g__Phocaeicola;s__	N/A	N/A	N/A	N/A	N/A	GCA_902388365.1	95.0	d__Bacteria;p__Bacteroidota;c__Bacteroidia;o__Bacteroidales;f__Bacteroidaceae;g__Phocaeicola;s__Phocaeicola sp902388365	81.09	0.199	d__Bacteria;p__Bacteroidota;c__Bacteroidia;o__Bacteroidales;f__Bacteroidaceae;g__Phocaeicola;s__	taxonomic classification defined by topology and ANI	classification based on placement in class-level tree	GCA_947072895.1, s__Phocaeicola sp011959205, 95.0, 80.75, 0.171; GCF_013009555.1, s__Phocaeicola dorei, 95.0, 80.5, 0.164; GCF_024622025.1, s__Phocaeicola sartorii, 95.0, 80.4, 0.173; GCF_000012825.1, s__Phocaeicola vulgatus, 95.08, 80.37, 0.162	95.29	11	0.96787	N/A
AH1_2nd_9:bin_000006	d__Bacteria;p__Pseudomonadota;c__Alphaproteobacteria;o__Rhizobiales;f__Devosiaceae;g__Devosia;s__Devosia equisanguinis	GCF_900631955.1	95.0	d__Bacteria;p__Pseudomonadota;c__Alphaproteobacteria;o__Rhizobiales;f__Devosiaceae;g__Devosia;s__Devosia equisanguinis	97.98	0.862	GCF_900631955.1	95.0	d__Bacteria;p__Pseudomonadota;c__Alphaproteobacteria;o__Rhizobiales;f__Devosiaceae;g__Devosia;s__Devosia equisanguinis	97.98	0.862	d__Bacteria;p__Pseudomonadota;c__Alphaproteobacteria;o__Rhizobiales;f__Devosiaceae;g__Devosia;s__	taxonomic classification defined by topology and ANI	topological placement and ANI have congruent species assignments	GCF_001650025.1, s__Devosia elaeis, 95.0, 81.79, 0.205; GCF_016411825.1, s__Devosia sediminis, 95.0, 81.34, 0.152; GCA_023391095.1, s__Devosia sp023391095, 95.0, 81.33, 0.164; GCA_023388175.1, s__Devosia sp023388175, 95.0, 81.32, 0.184; GCF_015158295.1, s__Devosia faecipullorum, 95.0, 81.24, 0.184; GCF_019504385.1, s__Devosia salina, 95.0, 80.95, 0.152; GCF_000969445.1, s__Devosia chinhatensis, 95.0, 80.86, 0.166; GCF_025809055.1, s__Devosia sp025809055, 95.0, 80.86, 0.153; GCF_030285925.1, s__Devosia sp030285925, 95.0, 80.62, 0.177	95.35	11	N/A	N/A
AH1_2nd_9:bin_000015	d__Bacteria;p__Desulfobacterota;c__Desulfovibrionia;o__Desulfovibrionales;f__Desulfovibrionaceae;g__Desulfovibrio;s__	N/A	N/A	N/A	N/A	N/A	GCF_011039085.1	95.0	d__Bacteria;p__Desulfobacterota;c__Desulfovibrionia;o__Desulfovibrionales;f__Desulfovibrionaceae;g__Desulfovibrio;s__Desulfovibrio sp011039085	88.3	0.459	d__Bacteria;p__Desulfobacterota;c__Desulfovibrionia;o__Desulfovibrionales;f__Desulfovibrionaceae;g__Desulfovibrio;s__	taxonomic classification defined by topology and ANI	classification based on placement in class-level tree	N/A	92.77	11	0.97413	N/A
AH1_2nd_9:bin_000023	d__Bacteria;p__Bacillota_I;c__Bacilli_A;o__RFN20;f__CAG-288;g__;s__	N/A	N/A	N/A	N/A	N/A	N/A	N/A	N/A	N/A	N/A	d__Bacteria;p__Bacillota_I;c__Bacilli_A;o__RFN20;f__CAG-288;g__;s__	taxonomic novelty determined using RED	classification based on placement in class-level tree	N/A	91.2	11	0.8142	N/A
AH1_2nd_9:bin_000025	d__Bacteria;p__Bacillota_A;c__Clostridia;o__Lachnospirales;f__Lachnospiraceae;g__Velocimicrobium;s__	N/A	N/A	N/A	N/A	N/A	N/A	N/A	N/A	N/A	N/A	d__Bacteria;p__Bacillota_A;c__Clostridia;o__Lachnospirales;f__Lachnospiraceae;g__Velocimicrobium;s__	taxonomic classification fully defined by topology	classification based on placement in class-level tree	N/A	87.86	11	0.93927	N/A
AH1_2nd_9:bin_000034	d__Bacteria;p__Bacillota;c__Bacilli;o__Lactobacillales;f__Enterococcaceae;g__Enterococcus_A;s__	N/A	N/A	N/A	N/A	N/A	GCF_017377575.1	95.0	d__Bacteria;p__Bacillota;c__Bacilli;o__Lactobacillales;f__Enterococcaceae;g__Enterococcus_A;s__Enterococcus_A moelleringii	85.94	0.355	d__Bacteria;p__Bacillota;c__Bacilli;o__Lactobacillales;f__Enterococcaceae;g__Enterococcus_A;s__	taxonomic classification defined by topology and ANI	classification based on placement in class-level tree	N/A	82.78	11	0.98893	N/A
AH1_2nd_9:bin_000035	d__Bacteria;p__Bacillota_A;c__Clostridia;o__Lachnospirales;f__Lachnospiraceae;g__Acetatifactor;s__	N/A	N/A	N/A	N/A	N/A	N/A	N/A	N/A	N/A	N/A	d__Bacteria;p__Bacillota_A;c__Clostridia;o__Lachnospirales;f__Lachnospiraceae;g__Acetatifactor;s__	taxonomic classification fully defined by topology	classification based on placement in class-level tree	N/A	85.22	11	0.92612	N/A
AH1_2nd_9:bin_000037	d__Bacteria;p__Pseudomonadota;c__Gammaproteobacteria;o__Enterobacterales;f__Enterobacteriaceae;g__Serratia_A;s__Serratia_A fonticola	GCF_001006005.1	95.0	d__Bacteria;p__Pseudomonadota;c__Gammaproteobacteria;o__Enterobacterales;f__Enterobacteriaceae;g__Serratia_A;s__Serratia_A fonticola	98.58	0.88	GCF_001006005.1	95.0	d__Bacteria;p__Pseudomonadota;c__Gammaproteobacteria;o__Enterobacterales;f__Enterobacteriaceae;g__Serratia_A;s__Serratia_A fonticola	98.58	0.88	d__Bacteria;p__Pseudomonadota;c__Gammaproteobacteria;o__Enterobacterales;f__Enterobacteriaceae;g__Serratia_A;s__	taxonomic classification defined by topology and ANI	topological placement and ANI have congruent species assignments	GCF_014268175.1, s__Serratia_A fonticola_B, 95.0, 94.99, 0.786; GCF_030971605.1, s__Serratia_A fonticola_C, 95.0, 94.81, 0.816; GCF_023282985.1, s__Serratia_A silvae, 95.0, 93.08, 0.72; GCF_000633355.1, s__Serratia_A sp000633355, 95.0, 89.94, 0.692; GCF_006715025.1, s__Serratia_A fonticola_A, 95.0, 84.77, 0.384	84.37	11	N/A	N/A
AH1_2nd_9:bin_000039	d__Bacteria;p__Pseudomonadota;c__Gammaproteobacteria;o__Enterobacterales;f__Enterobacteriaceae;g__Rahnella;s__Rahnella variigena	GCF_003610915.1	95.0	d__Bacteria;p__Pseudomonadota;c__Gammaproteobacteria;o__Enterobacterales;f__Enterobacteriaceae;g__Rahnella;s__Rahnella variigena	97.41	0.923	GCF_003610915.1	95.0	d__Bacteria;p__Pseudomonadota;c__Gammaproteobacteria;o__Enterobacterales;f__Enterobacteriaceae;g__Rahnella;s__Rahnella variigena	97.41	0.923	d__Bacteria;p__Pseudomonadota;c__Gammaproteobacteria;o__Enterobacterales;f__Enterobacteriaceae;g__Rahnella;s__	taxonomic classification defined by topology and ANI	topological placement and ANI have congruent species assignments	GCF_019049675.1, s__Rahnella bonaserana, 95.0, 93.76, 0.848; GCF_019049625.1, s__Rahnella ecdela, 95.0, 91.2, 0.738; GCF_003614975.1, s__Rahnella bruchi, 95.0, 90.75, 0.727; GCF_003602095.1, s__Rahnella woolbedingensis, 95.0, 90.74, 0.713; GCF_004330295.1, s__Rahnella victoriana, 95.0, 89.94, 0.667; GCF_011684115.1, s__Rahnella aceris, 95.0, 89.69, 0.657; GCF_000241955.1, s__Rahnella aquatilis, 95.0, 88.94, 0.612; GCF_019049755.1, s__Rahnella perminowiae, 95.0, 87.85, 0.55; GCF_011065485.1, s__Rahnella contaminans, 95.0, 87.8, 0.551; GCF_015644585.1, s__Rahnella laticis, 95.0, 87.38, 0.532; GCF_019049655.1, s__Rahnella rivi, 95.0, 87.25, 0.495; GCF_002951615.1, s__Rahnella sikkimica, 95.0, 87.11, 0.495; GCF_002834385.1, s__Rahnella sp002834385, 95.0, 86.9, 0.504; GCF_003263515.1, s__Rahnella inusitata, 95.0, 86.06, 0.455; GCA_013457415.1, s__Rahnella sp013457415, 95.0, 85.92, 0.446	77.4	11	N/A	N/A
AH1_2nd_9:bin_000047	d__Bacteria;p__Bacteroidota;c__Bacteroidia;o__Bacteroidales;f__Bacteroidaceae;g__Bacteroides;s__	N/A	N/A	N/A	N/A	N/A	N/A	N/A	N/A	N/A	N/A	d__Bacteria;p__Bacteroidota;c__Bacteroidia;o__Bacteroidales;f__Bacteroidaceae;g__Bacteroides;s__	taxonomic classification defined by topology and ANI	classification based on placement in class-level tree	GCF_012113595.1, s__Bacteroides faecium, 95.0, 85.37, 0.396; GCF_902491285.1, s__Bacteroides sp902491285, 95.0, 85.31, 0.357; GCF_900761785.1, s__Bacteroides sp900761785, 95.0, 85.3, 0.371; GCF_900130125.1, s__Bacteroides congonensis, 95.0, 84.93, 0.366; GCF_014750685.1, s__Bacteroides sp014750685, 95.0, 84.72, 0.355; GCF_903181435.1, s__Bacteroides sp900765785, 95.0, 84.6, 0.325; GCF_024623065.1, s__Bacteroides acidifaciens, 95.0, 83.63, 0.276; GCA_948847595.1, s__Bacteroides sp948847595, 95.0, 83.55, 0.226; GCF_900547205.1, s__Bacteroides sp900547205, 95.0, 82.89, 0.214; GCA_019117555.1, s__Bacteroides intestinigallinarum, 95.0, 82.76, 0.237; GCF_001314995.1, s__Bacteroides ovatus, 95.19, 82.53, 0.246; GCA_947038155.1, s__Bacteroides sp947038155, 95.0, 82.51, 0.221; GCA_902362375.1, s__Bacteroides sp902362375, 95.0, 82.49, 0.226; GCA_900755095.1, s__Bacteroides sp900755095, 95.0, 82.45, 0.167; GCF_000210075.1, s__Bacteroides xylanisolvens, 95.0, 82.37, 0.228; GCF_958387885.1, s__Bacteroides sp019412865, 95.0, 82.35, 0.228; GCF_001688725.2, s__Bacteroides caecimuris, 95.0, 82.34, 0.2; GCF_009193295.2, s__Bacteroides luhongzhouii, 95.0, 82.18, 0.226; GCA_900556625.1, s__Bacteroides sp900556625, 95.0, 82.15, 0.226; GCF_002222615.2, s__Bacteroides caccae, 95.0, 82.05, 0.239; GCA_948436425.1, s__Bacteroides sp948436425, 95.0, 81.78, 0.167; GCA_948742525.1, s__Bacteroides caecimuris_A, 95.0, 81.73, 0.199; GCF_009193325.2, s__Bacteroides zhangwenhongii, 95.0, 81.47, 0.182; GCA_030295565.1, s__Bacteroides finegoldii, 95.57, 81.46, 0.183; GCF_910586915.1, s__Bacteroides sp910586915, 95.0, 80.73, 0.17	71.32	11	0.98337	N/A
AH1_2nd_9:bin_000058	d__Bacteria;p__Pseudomonadota;c__Alphaproteobacteria;o__Sphingomonadales;f__Sphingomonadaceae;g__Croceibacterium;s__	N/A	N/A	N/A	N/A	N/A	N/A	N/A	N/A	N/A	N/A	d__Bacteria;p__Pseudomonadota;c__Alphaproteobacteria;o__Sphingomonadales;f__Sphingomonadaceae;g__Croceibacterium;s__	taxonomic classification fully defined by topology	classification based on placement in class-level tree	N/A	47.07	11	0.96049	Genome has more than 10.0% of markers with multiple hits
AH1_2nd_9:bin_000061	d__Bacteria;p__Pseudomonadota;c__Gammaproteobacteria;o__Burkholderiales;f__Burkholderiaceae;g__Alcaligenes;s__	N/A	N/A	N/A	N/A	N/A	N/A	N/A	N/A	N/A	N/A	d__Bacteria;p__Pseudomonadota;c__Gammaproteobacteria;o__Burkholderiales;f__Burkholderiaceae;g__Alcaligenes;s__	taxonomic classification defined by topology and ANI	classification based on placement in class-level tree	GCF_026344155.1, s__Alcaligenes nematophilus, 95.0, 89.98, 0.748; GCF_009497775.1, s__Alcaligenes faecalis_D, 95.0, 89.79, 0.742; GCF_002443155.1, s__Alcaligenes faecalis, 95.0, 89.67, 0.732; GCF_026344135.1, s__Alcaligenes parafaecalis, 95.0, 88.52, 0.677; GCF_003076515.1, s__Alcaligenes aquatilis, 95.0, 87.65, 0.621; GCF_014652815.1, s__Alcaligenes pakistanensis, 95.0, 86.4, 0.591; GCF_019343455.1, s__Alcaligenes ammonioxydans, 95.0, 85.73, 0.52	48.92	11	0.99583	Genome not assigned to closest species as it falls outside its pre-defined ANI radius
LI1_2nd_10:bin_000001	d__Bacteria;p__Bacillota;c__Bacilli;o__Lactobacillales;f__Enterococcaceae;g__Enterococcus_A;s__Enterococcus_A raffinosus	GCF_001886185.1	95.0	d__Bacteria;p__Bacillota;c__Bacilli;o__Lactobacillales;f__Enterococcaceae;g__Enterococcus_A;s__Enterococcus_A raffinosus	97.67	0.795	GCF_001886185.1	95.0	d__Bacteria;p__Bacillota;c__Bacilli;o__Lactobacillales;f__Enterococcaceae;g__Enterococcus_A;s__Enterococcus_A raffinosus	97.67	0.795	d__Bacteria;p__Bacillota;c__Bacilli;o__Lactobacillales;f__Enterococcaceae;g__Enterococcus_A;s__	taxonomic classification defined by topology and ANI	topological placement and ANI have congruent species assignments	GCF_005405485.1, s__Enterococcus_A hulanensis, 95.0, 82.0, 0.254; GCF_017315985.1, s__Enterococcus_A murrayae, 95.0, 81.87, 0.218; GCF_005405225.1, s__Enterococcus_A dongliensis, 95.0, 81.5, 0.157; GCF_000407185.1, s__Enterococcus_A malodoratus, 95.0, 81.33, 0.196; GCF_000406965.1, s__Enterococcus_A avium, 95.0, 81.18, 0.158; GCF_018917525.1, s__Enterococcus_A raffinosus_A, 95.0, 81.1, 0.166; GCF_005405205.1, s__Enterococcus_A pingfangensis, 95.0, 80.84, 0.161; GCF_001544295.1, s__Enterococcus_A pseudoavium, 95.0, 80.69, 0.161; GCF_005405365.1, s__Enterococcus_A xiangfangensis, 95.0, 80.32, 0.156	94.54	11	N/A	N/A
LI1_2nd_10:bin_000017	d__Bacteria;p__Chlamydiota;c__Chlamydiia;o__Chlamydiales;f__Chlamydiaceae;g__;s__	N/A	N/A	N/A	N/A	N/A	N/A	N/A	N/A	N/A	N/A	d__Bacteria;p__Chlamydiota;c__Chlamydiia;o__Chlamydiales;f__Chlamydiaceae;g__;s__	taxonomic classification fully defined by topology	classification based on placement in class-level tree	N/A	82.56	11	0.84871	N/A
LI1_2nd_10:bin_000018	d__Bacteria;p__Bacteroidota;c__Bacteroidia;o__Bacteroidales;f__Bacteroidaceae;g__Bacteroides;s__	N/A	N/A	N/A	N/A	N/A	GCA_905215345.1	95.0	d__Bacteria;p__Bacteroidota;c__Bacteroidia;o__Bacteroidales;f__Bacteroidaceae;g__Bacteroides;s__Bacteroides sp905215345	92.52	0.74	d__Bacteria;p__Bacteroidota;c__Bacteroidia;o__Bacteroidales;f__Bacteroidaceae;g__Bacteroides;s__	taxonomic classification defined by topology and ANI	classification based on placement in class-level tree	N/A	80.79	11	0.99216	Genome not assigned to closest species as it falls outside its pre-defined ANI radius
LI1_2nd_10:bin_000026	d__Bacteria;p__Pseudomonadota;c__Gammaproteobacteria;o__Enterobacterales;f__Enterobacteriaceae;g__Klebsiella;s__	N/A	N/A	N/A	N/A	N/A	GCF_001598695.1	95.0	d__Bacteria;p__Pseudomonadota;c__Gammaproteobacteria;o__Enterobacterales;f__Enterobacteriaceae;g__Klebsiella;s__Klebsiella oxytoca	90.62	0.694	d__Bacteria;p__Pseudomonadota;c__Gammaproteobacteria;o__Enterobacterales;f__Enterobacteriaceae;g__Klebsiella;s__	taxonomic classification defined by topology and ANI	classification based on placement in class-level tree	GCF_002925905.1, s__Klebsiella michiganensis, 95.0, 90.62, 0.691; GCF_900200035.1, s__Klebsiella grimontii, 95.0, 90.56, 0.695; GCF_009707385.1, s__Klebsiella oxytoca_C, 95.0, 89.97, 0.642; GCF_902158555.1, s__Klebsiella spallanzanii, 95.0, 89.31, 0.587; GCF_003261575.2, s__Klebsiella huaxiensis, 95.0, 88.3, 0.54; GCA_013705725.1, s__Klebsiella sp013705725, 95.0, 88.08, 0.532; GCF_005860775.1, s__Klebsiella indica, 95.0, 86.58, 0.374; GCF_002270295.1, s__Klebsiella sp002270295, 95.0, 85.76, 0.341; GCF_006539725.1, s__Klebsiella terrigena, 95.0, 85.7, 0.353; GCF_000742135.1, s__Klebsiella pneumoniae, 95.0, 85.65, 0.332; GCF_000735435.1, s__Klebsiella planticola, 95.08, 85.59, 0.322; GCF_020525925.1, s__Klebsiella quasipneumoniae, 95.0, 85.56, 0.333; GCF_002269255.1, s__Klebsiella quasivariicola, 95.0, 85.56, 0.311; GCF_000828055.2, s__Klebsiella variicola, 95.0, 85.44, 0.313; GCF_006711645.1, s__Klebsiella electrica, 95.0, 85.42, 0.297; GCF_004342285.1, s__Klebsiella sp004342285, 95.0, 85.41, 0.328; GCF_000215745.1, s__Klebsiella aerogenes, 95.0, 85.41, 0.309; GCA_029027985.1, s__Klebsiella aerogenes_A, 95.0, 85.41, 0.289; GCF_014298075.1, s__Klebsiella sp003752615, 95.0, 85.23, 0.299; GCF_001598295.1, s__Klebsiella ornithinolytica, 95.0, 85.16, 0.305; GCF_020526085.1, s__Klebsiella africana, 95.0, 85.06, 0.307; GCA_902490055.1, s__Klebsiella sp902490055, 95.0, 84.92, 0.222	57.46	11	0.99825	Genome not assigned to closest species as it falls outside its pre-defined ANI radius
LI1_2nd_1:bin_000006	d__Bacteria;p__Bacillota_B;c__Peptococcia;o__Peptococcales;f__Peptococcaceae;g__RGIG6463;s__	N/A	N/A	N/A	N/A	N/A	N/A	N/A	N/A	N/A	N/A	d__Bacteria;p__Bacillota_B;c__Peptococcia;o__Peptococcales;f__Peptococcaceae;g__RGIG6463;s__	taxonomic novelty determined using RED	classification based on placement in class-level tree	N/A	94.88	11	0.87062	N/A
LI1_2nd_1:bin_000010	d__Bacteria;p__Cyanobacteriota;c__Vampirovibrionia;o__Gastranaerophilales;f__Gastranaerophilaceae;g__Scatenecus;s__	N/A	N/A	N/A	N/A	N/A	N/A	N/A	N/A	N/A	N/A	d__Bacteria;p__Cyanobacteriota;c__Vampirovibrionia;o__Gastranaerophilales;f__Gastranaerophilaceae;g__Scatenecus;s__	taxonomic classification fully defined by topology	classification based on placement in class-level tree	N/A	93.96	11	0.94574	N/A
LI1_2nd_1:bin_000014	d__Bacteria;p__Desulfobacterota;c__Desulfovibrionia;o__Desulfovibrionales;f__Desulfovibrionaceae;g__CASQEL01;s__	N/A	N/A	N/A	N/A	N/A	N/A	N/A	N/A	N/A	N/A	d__Bacteria;p__Desulfobacterota;c__Desulfovibrionia;o__Desulfovibrionales;f__Desulfovibrionaceae;g__CASQEL01;s__	taxonomic novelty determined using RED	classification based on placement in class-level tree	N/A	92.08	11	0.94365	N/A
LI1_2nd_1:bin_000022	d__Bacteria;p__Pseudomonadota;c__Alphaproteobacteria;o__WRAU01;f__WRAU01;g__;s__	N/A	N/A	N/A	N/A	N/A	N/A	N/A	N/A	N/A	N/A	d__Bacteria;p__Pseudomonadota;c__Alphaproteobacteria;o__WRAU01;f__WRAU01;g__;s__	taxonomic novelty determined using RED	classification based on placement in class-level tree	N/A	88.26	11	0.80775	N/A
LI1_2nd_1:bin_000032	d__Bacteria;p__Bacteroidota;c__Bacteroidia;o__Bacteroidales;f__Tannerellaceae;g__;s__	N/A	N/A	N/A	N/A	N/A	N/A	N/A	N/A	N/A	N/A	d__Bacteria;p__Bacteroidota;c__Bacteroidia;o__Bacteroidales;f__Tannerellaceae;g__;s__	taxonomic novelty determined using RED	classification based on placement in class-level tree	N/A	85.5	11	0.91462	N/A
LI1_2nd_1:bin_000052	d__Bacteria;p__Bacillota_A;c__Clostridia;o__TANB77;f__CAG-508;g__RGIG8482;s__	N/A	N/A	N/A	N/A	N/A	N/A	N/A	N/A	N/A	N/A	d__Bacteria;p__Bacillota_A;c__Clostridia;o__TANB77;f__CAG-508;g__RGIG8482;s__	taxonomic classification fully defined by topology	classification based on placement in class-level tree	N/A	64.29	11	0.9155	N/A
LI1_2nd_1:bin_000055	d__Bacteria;p__Pseudomonadota;c__Gammaproteobacteria;o__Enterobacterales;f__Enterobacteriaceae;g__Enterobacter;s__Enterobacter hoffmannii	GCF_001729745.1	95.0	d__Bacteria;p__Pseudomonadota;c__Gammaproteobacteria;o__Enterobacterales;f__Enterobacteriaceae;g__Enterobacter;s__Enterobacter hoffmannii	99.01	0.892	GCF_001729745.1	95.0	d__Bacteria;p__Pseudomonadota;c__Gammaproteobacteria;o__Enterobacterales;f__Enterobacteriaceae;g__Enterobacter;s__Enterobacter hoffmannii	99.01	0.892	d__Bacteria;p__Pseudomonadota;c__Gammaproteobacteria;o__Enterobacterales;f__Enterobacteriaceae;g__Enterobacter;s__	taxonomic classification defined by topology and ANI	topological placement and ANI have congruent species assignments	GCA_006385655.1, s__Enterobacter hormaechei_C, 95.0, 94.71, 0.857; GCF_008082005.1, s__Enterobacter hormaechei_B, 95.0, 94.7, 0.841; GCF_001875655.1, s__Enterobacter hormaechei, 95.0, 94.14, 0.837; GCF_011078175.1, s__Enterobacter cloacae_Q, 95.0, 93.87, 0.82; GCF_004331385.1, s__Enterobacter quasihormaechei, 95.0, 93.34, 0.835; GCF_013375935.1, s__Enterobacter cloacae_O, 95.0, 91.39, 0.815; GCA_024160165.1, s__Enterobacter nematophilus, 95.0, 89.14, 0.704; GCF_900324475.1, s__Enterobacter bugandensis, 95.0, 89.11, 0.713; GCA_946477805.1, s__Enterobacter sp946477805, 95.0, 89.07, 0.572; GCF_025244905.1, s__Enterobacter mori_A, 95.0, 89.05, 0.703; GCF_003594915.1, s__Enterobacter chuandaensis, 95.0, 88.87, 0.683; GCF_003594935.2, s__Enterobacter huaxiensis, 95.0, 88.8, 0.701; GCF_011754535.1, s__Enterobacter cloacae_N, 95.0, 88.77, 0.688; GCF_000211415.1, s__Enterobacter mori, 95.0, 88.77, 0.681; GCF_004331265.1, s__Enterobacter wuhouensis, 95.0, 88.76, 0.678; GCF_007035645.1, s__Enterobacter asburiae_B, 96.87, 88.73, 0.669; GCF_030444555.1, s__Enterobacter asburiae_F, 96.86, 88.71, 0.662; GCF_002208095.1, s__Enterobacter cloacae_M, 96.54, 88.7, 0.68; GCF_019718755.1, s__Enterobacter sp019718755, 95.0, 88.65, 0.717; GCF_000493015.1, s__Enterobacter sp000493015, 95.0, 88.6, 0.675; GCF_024599655.1, s__Enterobacter asburiae_D, 95.5, 88.57, 0.678; GCF_001729805.1, s__Enterobacter roggenkampii, 95.0, 88.57, 0.669; GCF_008364625.1, s__Enterobacter dykesii, 95.0, 88.5, 0.665; GCF_001521715.1, s__Enterobacter asburiae, 96.14, 88.45, 0.64; GCF_001022965.1, s__Enterobacter cloacae_L, 95.0, 88.37, 0.673; GCF_026420145.1, s__Enterobacter pseudoroggenkampii, 95.0, 88.36, 0.654; GCF_008080435.1, s__Enterobacter asburiae_C, 95.0, 88.35, 0.658; GCF_001984825.2, s__Enterobacter chengduensis, 95.0, 88.33, 0.667; GCA_019351845.1, s__Enterobacter quasiroggenkampii, 95.0, 88.32, 0.662; GCF_019968765.1, s__Enterobacter sp019968765, 95.0, 88.19, 0.656; GCF_001729765.1, s__Enterobacter kobei, 95.0, 88.18, 0.651; GCF_008364555.1, s__Enterobacter vonholyi, 95.0, 88.12, 0.655; GCF_004402045.1, s__Enterobacter nimipressuralis_A, 95.0, 88.08, 0.661; GCF_009176645.1, s__Enterobacter oligotrophicus, 95.0, 88.07, 0.66; GCF_000025565.1, s__Enterobacter cloacae, 95.0, 88.05, 0.674; GCF_024599795.1, s__Enterobacter dissolvens, 95.0, 87.86, 0.669; GCF_002939185.1, s__Enterobacter sichuanensis, 95.0, 87.75, 0.625; GCF_019047785.1, s__Enterobacter cancerogenus, 95.0, 87.44, 0.613; GCF_021440515.1, s__Enterobacter asburiae_E, 95.0, 87.38, 0.601; GCF_001750725.1, s__Enterobacter ludwigii, 95.0, 87.24, 0.637; GCA_023023105.1, s__Enterobacter cloacae_I, 95.0, 87.24, 0.593; GCA_023425455.1, s__Enterobacter sp023425455, 95.0, 86.86, 0.512; GCA_913778545.1, s__Enterobacter sp913778545, 95.0, 86.82, 0.609; GCF_003057745.1, s__Enterobacter sp003057745, 95.0, 86.75, 0.578; GCF_001654845.1, s__Enterobacter soli, 95.0, 86.59, 0.566; GCF_014169315.1, s__Enterobacter cloacae_P, 95.0, 86.58, 0.546; GCF_013927005.1, s__Enterobacter sp013927005, 95.0, 86.56, 0.547; GCF_918797525.1, s__Enterobacter sp918797525, 95.0, 85.76, 0.495	69.35	11	N/A	N/A
LI1_2nd_1:bin_000063	d__Bacteria;p__Bacillota_I;c__Bacilli_A;o__Mycoplasmatales;f__Hepatoplasmataceae;g__Hepatoplasma;s__Hepatoplasma crinochetorum	GCF_000582535.1	95.0	d__Bacteria;p__Bacillota_I;c__Bacilli_A;o__Mycoplasmatales;f__Hepatoplasmataceae;g__Hepatoplasma;s__Hepatoplasma crinochetorum	98.22	0.875	GCF_000582535.1	95.0	d__Bacteria;p__Bacillota_I;c__Bacilli_A;o__Mycoplasmatales;f__Hepatoplasmataceae;g__Hepatoplasma;s__Hepatoplasma crinochetorum	98.22	0.875	d__Bacteria;p__Bacillota_I;c__Bacilli_A;o__Mycoplasmatales;f__Hepatoplasmataceae;g__Hepatoplasma;s__	taxonomic classification defined by topology and ANI	topological placement and ANI have congruent species assignments	GCA_001179805.1, s__Hepatoplasma crinochetorum_A, 95.0, 85.55, 0.307; GCA_027925325.1, s__Hepatoplasma scabrum, 95.0, 84.68, 0.244	58.05	4	N/A	N/A
LI1_2nd_1:bin_000075	d__Bacteria;p__Bacillota_A;c__Clostridia;o__Oscillospirales;f__Ruminococcaceae;g__;s__	N/A	N/A	N/A	N/A	N/A	N/A	N/A	N/A	N/A	N/A	d__Bacteria;p__Bacillota_A;c__Clostridia;o__Oscillospirales;f__Ruminococcaceae;g__;s__	taxonomic classification fully defined by topology	classification based on placement in class-level tree	N/A	53.21	11	0.83754	N/A
LI1_2nd_2:bin_000001	d__Bacteria;p__Bacillota_A;c__Clostridia;o__Oscillospirales;f__Ruminococcaceae;g__JAIHAL01;s__	N/A	N/A	N/A	N/A	N/A	N/A	N/A	N/A	N/A	N/A	d__Bacteria;p__Bacillota_A;c__Clostridia;o__Oscillospirales;f__Ruminococcaceae;g__JAIHAL01;s__	taxonomic novelty determined using RED	classification based on placement in class-level tree	N/A	97.18	11	0.86943	N/A
LI1_2nd_2:bin_000002	d__Bacteria;p__Bacillota_A;c__Clostridia;o__Oscillospirales;f__Ruminococcaceae;g__Ruthenibacterium;s__	N/A	N/A	N/A	N/A	N/A	N/A	N/A	N/A	N/A	N/A	d__Bacteria;p__Bacillota_A;c__Clostridia;o__Oscillospirales;f__Ruminococcaceae;g__Ruthenibacterium;s__	taxonomic classification fully defined by topology	classification based on placement in class-level tree	N/A	95.79	11	0.91107	N/A
LI1_2nd_2:bin_000004	d__Bacteria;p__Pseudomonadota;c__Alphaproteobacteria;o__Rhodobacterales;f__Rhodobacteraceae;g__Paracoccus;s__	N/A	N/A	N/A	N/A	N/A	N/A	N/A	N/A	N/A	N/A	d__Bacteria;p__Pseudomonadota;c__Alphaproteobacteria;o__Rhodobacterales;f__Rhodobacteraceae;g__Paracoccus;s__	taxonomic classification fully defined by topology	classification based on placement in class-level tree	N/A	94.98	11	0.9887	N/A
LI1_2nd_2:bin_000006	d__Bacteria;p__Bacillota_A;c__Clostridia;o__Christensenellales;f__MGBC116941;g__MGBC116941;s__	N/A	N/A	N/A	N/A	N/A	N/A	N/A	N/A	N/A	N/A	d__Bacteria;p__Bacillota_A;c__Clostridia;o__Christensenellales;f__MGBC116941;g__MGBC116941;s__	taxonomic novelty determined using RED	classification based on placement in class-level tree	N/A	94.36	11	0.91898	N/A
LI1_2nd_2:bin_000007	d__Bacteria;p__Bacillota_I;c__Bacilli_A;o__Erysipelotrichales;f__Erysipelotrichaceae;g__RGIG1896;s__	N/A	N/A	N/A	N/A	N/A	N/A	N/A	N/A	N/A	N/A	d__Bacteria;p__Bacillota_I;c__Bacilli_A;o__Erysipelotrichales;f__Erysipelotrichaceae;g__RGIG1896;s__	taxonomic classification fully defined by topology	classification based on placement in class-level tree	N/A	93.94	11	0.90005	N/A
LI1_2nd_2:bin_000009	d__Bacteria;p__Bacillota_A;c__Clostridia;o__Lachnospirales;f__CAMVHY01;g__CANEHT01;s__	N/A	N/A	N/A	N/A	N/A	N/A	N/A	N/A	N/A	N/A	d__Bacteria;p__Bacillota_A;c__Clostridia;o__Lachnospirales;f__CAMVHY01;g__CANEHT01;s__	taxonomic novelty determined using RED	classification based on placement in class-level tree	N/A	93.88	11	0.9016	N/A
LI1_2nd_2:bin_000019	d__Bacteria;p__Bacillota_A;c__Clostridia;o__Lachnospirales;f__Lachnospiraceae;g__Lacrimispora;s__	N/A	N/A	N/A	N/A	N/A	N/A	N/A	N/A	N/A	N/A	d__Bacteria;p__Bacillota_A;c__Clostridia;o__Lachnospirales;f__Lachnospiraceae;g__Lacrimispora;s__	taxonomic novelty determined using RED	classification based on placement in class-level tree	N/A	85.52	11	0.93206	N/A
LI1_2nd_2:bin_000027	d__Bacteria;p__Bacillota_I;c__Bacilli_A;o__RF39;f__UBA660;g__;s__	N/A	N/A	N/A	N/A	N/A	N/A	N/A	N/A	N/A	N/A	d__Bacteria;p__Bacillota_I;c__Bacilli_A;o__RF39;f__UBA660;g__;s__	taxonomic novelty determined using RED	classification based on placement in class-level tree	N/A	80.38	11	0.89313	N/A
LI1_2nd_2:bin_000030	d__Bacteria;p__Bacillota_I;c__Bacilli_A;o__RF39;f__UBA660;g__Caccenecus;s__	N/A	N/A	N/A	N/A	N/A	N/A	N/A	N/A	N/A	N/A	d__Bacteria;p__Bacillota_I;c__Bacilli_A;o__RF39;f__UBA660;g__Caccenecus;s__	taxonomic classification fully defined by topology	classification based on placement in class-level tree	N/A	77.97	11	0.93996	N/A
LI1_2nd_2:bin_000039	d__Bacteria;p__Bacillota_A;c__Clostridia;o__TANB77;f__CAG-508;g__;s__	N/A	N/A	N/A	N/A	N/A	N/A	N/A	N/A	N/A	N/A	d__Bacteria;p__Bacillota_A;c__Clostridia;o__TANB77;f__CAG-508;g__;s__	taxonomic classification fully defined by topology	classification based on placement in class-level tree	N/A	71.32	11	0.83209	N/A
LI1_2nd_2:bin_000048	d__Bacteria;p__Bacillota_I;c__Bacilli_A;o__Erysipelotrichales;f__Coprobacillaceae;g__Coprobacillus;s__	N/A	N/A	N/A	N/A	N/A	N/A	N/A	N/A	N/A	N/A	d__Bacteria;p__Bacillota_I;c__Bacilli_A;o__Erysipelotrichales;f__Coprobacillaceae;g__Coprobacillus;s__	taxonomic novelty determined using RED	classification based on placement in class-level tree	N/A	58.93	11	0.95601	Genome has more than 10.8% of markers with multiple hits
LI1_2nd_3:bin_000003	d__Bacteria;p__Bacteroidota;c__Bacteroidia;o__Bacteroidales;f__Rikenellaceae;g__Alistipes;s__	N/A	N/A	N/A	N/A	N/A	GCF_025145285.1	95.0	d__Bacteria;p__Bacteroidota;c__Bacteroidia;o__Bacteroidales;f__Rikenellaceae;g__Alistipes;s__Alistipes onderdonkii	86.36	0.467	d__Bacteria;p__Bacteroidota;c__Bacteroidia;o__Bacteroidales;f__Rikenellaceae;g__Alistipes;s__	taxonomic classification defined by topology and ANI	classification based on placement in class-level tree	GCF_902388705.1, s__Alistipes sp902388705, 95.0, 84.93, 0.417; GCA_934754975.1, s__Alistipes sp934754975, 95.0, 83.88, 0.226; GCF_000265365.1, s__Alistipes finegoldii, 95.0, 83.78, 0.291; GCF_021204515.1, s__Alistipes sp021204515, 95.0, 83.49, 0.251; GCF_949296715.1, s__Alistipes sp949296715, 95.0, 82.41, 0.225; GCA_949840605.1, s__Alistipes sp949840605, 95.0, 82.26, 0.151; GCF_025145845.1, s__Alistipes shahii, 95.0, 81.78, 0.182; GCF_900541585.1, s__Alistipes sp900541585, 95.0, 81.78, 0.18; GCF_900083545.1, s__Alistipes provencensis, 95.0, 81.66, 0.178; GCF_025145645.1, s__Alistipes senegalensis, 95.0, 81.64, 0.175; GCA_019119615.1, s__Alistipes stercoravium, 95.0, 81.42, 0.156; GCF_900107675.1, s__Alistipes timonensis, 95.0, 81.4, 0.158; GCA_019119845.1, s__Alistipes merdavium, 95.0, 81.18, 0.204; GCA_900553175.1, s__Alistipes sp900553175, 95.0, 80.95, 0.171; GCA_019115075.1, s__Alistipes avistercoris, 95.0, 80.95, 0.157; GCF_006542685.1, s__Alistipes dispar, 95.0, 80.67, 0.163; GCA_902362705.1, s__Alistipes sp002358415, 95.0, 80.35, 0.157; GCA_910576555.1, s__Alistipes sp910576555, 95.0, 80.28, 0.15; GCA_947364365.1, s__Alistipes sp947364365, 95.0, 80.14, 0.16; GCF_020026455.1, s__Alistipes sp020026455, 95.0, 80.13, 0.164; GCA_019115605.1, s__Alistipes faecigallinarum, 95.0, 80.08, 0.154	94.74	11	0.98995	N/A
LI1_2nd_3:bin_000005	d__Bacteria;p__Desulfobacterota;c__Desulfovibrionia;o__Desulfovibrionales;f__Desulfovibrionaceae;g__Bilophila;s__	N/A	N/A	N/A	N/A	N/A	N/A	N/A	N/A	N/A	N/A	d__Bacteria;p__Desulfobacterota;c__Desulfovibrionia;o__Desulfovibrionales;f__Desulfovibrionaceae;g__Bilophila;s__	taxonomic classification fully defined by topology	classification based on placement in class-level tree	N/A	94.54	11	0.95058	N/A
LI1_2nd_3:bin_000007	d__Bacteria;p__Bacillota_I;c__Bacilli_A;o__Erysipelotrichales;f__Erysipelotrichaceae;g__C-19;s__	N/A	N/A	N/A	N/A	N/A	N/A	N/A	N/A	N/A	N/A	d__Bacteria;p__Bacillota_I;c__Bacilli_A;o__Erysipelotrichales;f__Erysipelotrichaceae;g__C-19;s__	taxonomic classification fully defined by topology	classification based on placement in class-level tree	N/A	94.4	11	0.88061	N/A
LI1_2nd_3:bin_000015	d__Bacteria;p__Bacillota;c__Bacilli;o__Staphylococcales;f__Staphylococcaceae;g__Staphylococcus;s__Staphylococcus shinii	GCF_017583065.1	95.0	d__Bacteria;p__Bacillota;c__Bacilli;o__Staphylococcales;f__Staphylococcaceae;g__Staphylococcus;s__Staphylococcus shinii	98.99	0.911	GCF_017583065.1	95.0	d__Bacteria;p__Bacillota;c__Bacilli;o__Staphylococcales;f__Staphylococcaceae;g__Staphylococcus;s__Staphylococcus shinii	98.99	0.911	d__Bacteria;p__Bacillota;c__Bacilli;o__Staphylococcales;f__Staphylococcaceae;g__Staphylococcus;s__	taxonomic classification defined by topology and ANI	topological placement and ANI have congruent species assignments	GCF_003697915.1, s__Staphylococcus pseudoxylosus, 95.0, 92.03, 0.783; GCF_000338275.1, s__Staphylococcus xylosus_B, 95.0, 91.47, 0.785; GCF_002732165.1, s__Staphylococcus xylosus, 95.0, 90.72, 0.794; GCF_000010125.1, s__Staphylococcus saprophyticus, 95.0, 83.37, 0.217; GCF_013391405.1, s__Staphylococcus sp013391405, 95.0, 83.37, 0.211; GCF_002614725.1, s__Staphylococcus edaphicus, 95.0, 82.89, 0.194; GCF_001747895.1, s__Staphylococcus equorum_A, 95.0, 82.35, 0.172; GCF_029024965.1, s__Staphylococcus equorum, 95.0, 82.33, 0.171; GCF_029024945.1, s__Staphylococcus succinus, 95.0, 82.29, 0.152; GCF_029531845.1, s__Staphylococcus equorum_C, 95.0, 82.24, 0.172; GCF_001431205.1, s__Staphylococcus sp001431205, 95.0, 81.89, 0.18	83.42	11	N/A	N/A
LI1_2nd_3:bin_000017	d__Bacteria;p__Bacillota_A;c__Clostridia;o__TANB77;f__CAG-508;g__CAG-269;s__	N/A	N/A	N/A	N/A	N/A	N/A	N/A	N/A	N/A	N/A	d__Bacteria;p__Bacillota_A;c__Clostridia;o__TANB77;f__CAG-508;g__CAG-269;s__	taxonomic classification fully defined by topology	classification based on placement in class-level tree	N/A	83.14	11	0.94222	N/A
LI1_2nd_3:bin_000049	d__Bacteria;p__Bacillota;c__Bacilli;o__Lactobacillales;f__Enterococcaceae;g__Enterococcus_A;s__	N/A	N/A	N/A	N/A	N/A	N/A	N/A	N/A	N/A	N/A	d__Bacteria;p__Bacillota;c__Bacilli;o__Lactobacillales;f__Enterococcaceae;g__Enterococcus_A;s__	taxonomic classification defined by topology and ANI	classification based on placement in class-level tree	GCF_018917525.1, s__Enterococcus_A raffinosus_A, 95.0, 89.87, 0.356; GCF_000406965.1, s__Enterococcus_A avium, 95.0, 87.7, 0.288	58.51	11	0.99192	N/A
LI1_2nd_3:bin_000050	d__Bacteria;p__Bacillota_I;c__Bacilli_A;o__Erysipelotrichales;f__Coprobacillaceae;g__Thomasclavelia;s__	N/A	N/A	N/A	N/A	N/A	N/A	N/A	N/A	N/A	N/A	d__Bacteria;p__Bacillota_I;c__Bacilli_A;o__Erysipelotrichales;f__Coprobacillaceae;g__Thomasclavelia;s__	taxonomic classification defined by topology and ANI	classification based on placement in class-level tree	GCF_900102365.1, s__Thomasclavelia cocleata, 95.0, 82.39, 0.166	60.62	11	0.95029	N/A
LI1_2nd_4:bin_000001	d__Bacteria;p__Bacillota_A;c__Clostridia;o__Christensenellales;f__;g__;s__	N/A	N/A	N/A	N/A	N/A	N/A	N/A	N/A	N/A	N/A	d__Bacteria;p__Bacillota_A;c__Clostridia;o__Christensenellales;f__;g__;s__	taxonomic novelty determined using RED	classification based on placement in class-level tree	N/A	96.07	11	0.6836	N/A
LI1_2nd_4:bin_000003	d__Bacteria;p__Bacillota_I;c__Bacilli_A;o__Erysipelotrichales;f__Erysipelotrichaceae;g__Dielma;s__	N/A	N/A	N/A	N/A	N/A	N/A	N/A	N/A	N/A	N/A	d__Bacteria;p__Bacillota_I;c__Bacilli_A;o__Erysipelotrichales;f__Erysipelotrichaceae;g__Dielma;s__	taxonomic novelty determined using RED	classification based on placement in class-level tree	N/A	95.47	11	0.95716	N/A
LI1_2nd_4:bin_000010	d__Bacteria;p__Bacteroidota;c__Bacteroidia;o__Bacteroidales;f__Tannerellaceae;g__Parabacteroides;s__	N/A	N/A	N/A	N/A	N/A	N/A	N/A	N/A	N/A	N/A	d__Bacteria;p__Bacteroidota;c__Bacteroidia;o__Bacteroidales;f__Tannerellaceae;g__Parabacteroides;s__	taxonomic classification defined by topology and ANI	classification based on placement in class-level tree	GCA_028689545.1, s__Parabacteroides sp028689545, 95.0, 81.46, 0.213; GCF_000012845.1, s__Parabacteroides distasonis, 95.0, 81.13, 0.223; GCF_004793765.1, s__Parabacteroides distasonis_A, 95.0, 81.06, 0.193; GCF_011038785.1, s__Parabacteroides sp011038785, 95.0, 80.82, 0.173; GCF_947855115.1, s__Parabacteroides sp947855115, 95.0, 79.92, 0.17	91.98	11	0.97816	N/A
LI1_2nd_4:bin_000019	d__Bacteria;p__Pseudomonadota;c__Gammaproteobacteria;o__Enterobacterales;f__Aeromonadaceae;g__Aeromonas;s__Aeromonas rivipollensis	GCF_010974825.1	95.0	d__Bacteria;p__Pseudomonadota;c__Gammaproteobacteria;o__Enterobacterales;f__Aeromonadaceae;g__Aeromonas;s__Aeromonas rivipollensis	97.16	0.811	GCF_010974825.1	95.0	d__Bacteria;p__Pseudomonadota;c__Gammaproteobacteria;o__Enterobacterales;f__Aeromonadaceae;g__Aeromonas;s__Aeromonas rivipollensis	97.16	0.811	d__Bacteria;p__Pseudomonadota;c__Gammaproteobacteria;o__Enterobacterales;f__Aeromonadaceae;g__Aeromonas;s__	taxonomic classification defined by topology and ANI	topological placement and ANI have congruent species assignments	GCF_023093515.1, s__Aeromonas sp023093515, 95.0, 95.35, 0.766; GCF_000819985.1, s__Aeromonas media, 95.0, 93.94, 0.711; GCF_000820085.1, s__Aeromonas sanarellii, 95.0, 90.51, 0.657; GCF_900637545.1, s__Aeromonas encheleia, 95.0, 90.31, 0.573; GCF_000764655.1, s__Aeromonas aquatica, 95.0, 90.12, 0.565; GCF_000820165.1, s__Aeromonas taiwanensis, 95.0, 89.96, 0.612; GCF_000819785.1, s__Aeromonas caviae, 95.0, 89.88, 0.615; GCF_002812985.1, s__Aeromonas lusitana, 95.0, 89.86, 0.534; GCF_000819745.1, s__Aeromonas bestiarum, 95.0, 89.7, 0.488; GCF_000820185.1, s__Aeromonas tecta, 95.0, 89.62, 0.5; GCF_000819865.1, s__Aeromonas eucrenophila, 95.0, 89.51, 0.563; GCF_000820305.1, s__Aeromonas dhakensis, 95.0, 89.39, 0.477; GCF_000014805.1, s__Aeromonas hydrophila, 95.0, 89.34, 0.472; GCF_000820005.1, s__Aeromonas piscicola, 95.26, 89.2, 0.43; GCF_000819765.1, s__Aeromonas bivalvium, 95.0, 89.16, 0.44; GCF_001643305.1, s__Aeromonas salmonicida, 95.0, 88.35, 0.409; GCF_000820025.1, s__Aeromonas popoffii, 95.0, 88.19, 0.402; GCF_000819685.1, s__Aeromonas allosaccharophila, 95.0, 88.12, 0.341; GCF_000820045.1, s__Aeromonas rivuli, 95.0, 87.96, 0.311; GCF_000819845.1, s__Aeromonas enteropelogenes, 95.0, 87.77, 0.372; GCF_000764645.1, s__Aeromonas finlandensis, 95.0, 87.72, 0.331; GCF_000820225.1, s__Aeromonas veronii, 95.0, 87.63, 0.351; GCF_019048265.1, s__Aeromonas veronii_A, 95.0, 87.59, 0.34; GCF_000819885.1, s__Aeromonas fluvialis, 95.0, 87.44, 0.348; GCF_000820145.1, s__Aeromonas sobria, 95.0, 87.44, 0.31; GCF_000819955.1, s__Aeromonas jandaei, 95.64, 87.34, 0.33; GCF_000764665.1, s__Aeromonas lacus, 95.0, 87.32, 0.337; GCF_000819725.1, s__Aeromonas australiensis, 95.0, 87.23, 0.334; GCF_006243315.1, s__Aeromonas sobria_A, 95.0, 87.21, 0.292; GCF_000388115.1, s__Aeromonas molluscorum, 95.0, 86.55, 0.256; GCA_945957575.1, s__Aeromonas sp945957575, 95.0, 86.54, 0.334; GCF_000820105.1, s__Aeromonas schubertii, 95.0, 84.98, 0.151	82.54	11	N/A	N/A
LI1_2nd_4:bin_000022	d__Bacteria;p__Pseudomonadota;c__Alphaproteobacteria;o__UBA3830;f__UBA3830;g__;s__	N/A	N/A	N/A	N/A	N/A	N/A	N/A	N/A	N/A	N/A	d__Bacteria;p__Pseudomonadota;c__Alphaproteobacteria;o__UBA3830;f__UBA3830;g__;s__	taxonomic novelty determined using RED	classification based on placement in class-level tree	N/A	86.99	11	0.86607	N/A
LI1_2nd_4:bin_000024	d__Bacteria;p__Bacillota_A;c__Clostridia;o__Christensenellales;f__UBA3700;g__;s__	N/A	N/A	N/A	N/A	N/A	N/A	N/A	N/A	N/A	N/A	d__Bacteria;p__Bacillota_A;c__Clostridia;o__Christensenellales;f__UBA3700;g__;s__	taxonomic novelty determined using RED	classification based on placement in class-level tree	N/A	83.48	11	0.82663	N/A
LI1_2nd_4:bin_000026	d__Bacteria;p__Bacteroidota;c__Bacteroidia;o__Bacteroidales;f__Marinifilaceae;g__Odoribacter;s__	N/A	N/A	N/A	N/A	N/A	N/A	N/A	N/A	N/A	N/A	d__Bacteria;p__Bacteroidota;c__Bacteroidia;o__Bacteroidales;f__Marinifilaceae;g__Odoribacter;s__	taxonomic classification fully defined by topology	classification based on placement in class-level tree	N/A	82.98	11	0.95394	N/A
LI1_2nd_4:bin_000034	d__Bacteria;p__Bacteroidota;c__Bacteroidia;o__Bacteroidales;f__Bacteroidaceae;g__Bacteroides;s__Bacteroides thetaiotaomicron_A	GCA_019412825.1	95.0	d__Bacteria;p__Bacteroidota;c__Bacteroidia;o__Bacteroidales;f__Bacteroidaceae;g__Bacteroides;s__Bacteroides thetaiotaomicron_A	97.58	0.751	GCA_019412825.1	95.0	d__Bacteria;p__Bacteroidota;c__Bacteroidia;o__Bacteroidales;f__Bacteroidaceae;g__Bacteroides;s__Bacteroides thetaiotaomicron_A	97.58	0.751	d__Bacteria;p__Bacteroidota;c__Bacteroidia;o__Bacteroidales;f__Bacteroidaceae;g__Bacteroides;s__	taxonomic classification defined by topology and ANI	topological placement and ANI have congruent species assignments	GCF_000011065.1, s__Bacteroides thetaiotaomicron, 95.0, 94.89, 0.658; GCA_947646015.1, s__Bacteroides sp947646015, 95.0, 93.9, 0.369; GCA_019415065.1, s__Bacteroides sp019415065, 95.0, 92.19, 0.256; GCA_947038155.1, s__Bacteroides sp947038155, 95.0, 89.48, 0.433; GCF_900106755.1, s__Bacteroides faecis, 95.0, 88.04, 0.548; GCA_948847595.1, s__Bacteroides sp948847595, 95.0, 87.67, 0.373; GCA_900755095.1, s__Bacteroides sp900755095, 95.0, 86.24, 0.316; GCF_900761785.1, s__Bacteroides sp900761785, 95.0, 82.98, 0.198; GCF_958387885.1, s__Bacteroides sp019412865, 95.0, 80.95, 0.151; GCF_012113595.1, s__Bacteroides faecium, 95.0, 80.76, 0.152; GCF_002222615.2, s__Bacteroides caccae, 95.0, 80.61, 0.188; GCF_903181435.1, s__Bacteroides sp900765785, 95.0, 80.28, 0.166	79.36	11	N/A	N/A
LI1_2nd_4:bin_000035	d__Bacteria;p__Bacteroidota;c__Bacteroidia;o__Bacteroidales;f__Bacteroidaceae;g__Bacteroides;s__Bacteroides sp900552405	GCF_020091405.1	95.0	d__Bacteria;p__Bacteroidota;c__Bacteroidia;o__Bacteroidales;f__Bacteroidaceae;g__Bacteroides;s__Bacteroides sp900552405	98.42	0.766	GCF_020091405.1	95.0	d__Bacteria;p__Bacteroidota;c__Bacteroidia;o__Bacteroidales;f__Bacteroidaceae;g__Bacteroides;s__Bacteroides sp900552405	98.42	0.766	d__Bacteria;p__Bacteroidota;c__Bacteroidia;o__Bacteroidales;f__Bacteroidaceae;g__Bacteroides;s__	taxonomic classification defined by topology and ANI	topological placement and ANI have congruent species assignments	GCF_000513195.1, s__Bacteroides timonensis, 95.0, 94.89, 0.552; GCF_028539415.1, s__Bacteroides cellulosilyticus, 95.0, 93.44, 0.607; GCA_900759525.1, s__Bacteroides sp900759525, 95.0, 93.16, 0.62; GCF_959601035.1, s__Bacteroides sp900557355, 95.0, 88.61, 0.492; GCF_000172175.1, s__Bacteroides intestinalis, 96.89, 88.29, 0.46; GCF_902364365.1, s__Bacteroides sp900556215, 95.0, 87.66, 0.412; GCF_003464595.1, s__Bacteroides intestinalis_A, 95.0, 86.94, 0.398; GCF_900142015.1, s__Bacteroides stercorirosoris, 95.0, 86.71, 0.391; GCF_905207245.1, s__Bacteroides sp905207245, 95.0, 85.72, 0.328; GCA_947071285.1, s__Bacteroides sp947071285, 95.0, 84.69, 0.293; GCA_905215555.1, s__Bacteroides sp905215555, 95.0, 84.66, 0.344; GCF_000315485.1, s__Bacteroides oleiciplenus, 95.0, 84.26, 0.284	79.66	11	N/A	N/A
LI1_2nd_4:bin_000036	d__Bacteria;p__Bacteroidota;c__Bacteroidia;o__Bacteroidales;f__Bacteroidaceae;g__CABUKU01;s__CABUKU01 sp902492205	GCA_902492205.1	95.0	d__Bacteria;p__Bacteroidota;c__Bacteroidia;o__Bacteroidales;f__Bacteroidaceae;g__CABUKU01;s__CABUKU01 sp902492205	97.5	0.824	GCA_902492205.1	95.0	d__Bacteria;p__Bacteroidota;c__Bacteroidia;o__Bacteroidales;f__Bacteroidaceae;g__CABUKU01;s__CABUKU01 sp902492205	97.5	0.824	d__Bacteria;p__Bacteroidota;c__Bacteroidia;o__Bacteroidales;f__Bacteroidaceae;g__;s__	taxonomic classification defined by topology and ANI	topological placement and ANI have congruent species assignments	N/A	80.54	11	N/A	N/A
LI1_2nd_4:bin_000037	d__Bacteria;p__Bacillota_I;c__Bacilli_A;o__Erysipelotrichales;f__Coprobacillaceae;g__Stoquefichus;s__	N/A	N/A	N/A	N/A	N/A	GCF_000455285.1	95.0	d__Bacteria;p__Bacillota_I;c__Bacilli_A;o__Erysipelotrichales;f__Coprobacillaceae;g__Stoquefichus;s__Stoquefichus massiliensis	86.35	0.459	d__Bacteria;p__Bacillota_I;c__Bacilli_A;o__Erysipelotrichales;f__Coprobacillaceae;g__Stoquefichus;s__	taxonomic classification defined by topology and ANI	classification based on placement in class-level tree	GCF_001244545.1, s__Stoquefichus sp001244545, 95.0, 83.01, 0.284	78.09	11	0.98494	N/A
LI1_2nd_4:bin_000041	d__Bacteria;p__Bacillota_A;c__Clostridia;o__Lachnospirales;f__Lachnospiraceae;g__Otoolea;s__	N/A	N/A	N/A	N/A	N/A	N/A	N/A	N/A	N/A	N/A	d__Bacteria;p__Bacillota_A;c__Clostridia;o__Lachnospirales;f__Lachnospiraceae;g__Otoolea;s__	taxonomic classification fully defined by topology	classification based on placement in class-level tree	N/A	73.66	11	0.94519	N/A
LI1_2nd_4:bin_000045	d__Bacteria;p__Bacillota_A;c__Clostridia;o__Peptostreptococcales;f__Anaerovoracaceae;g__IOR16;s__	N/A	N/A	N/A	N/A	N/A	N/A	N/A	N/A	N/A	N/A	d__Bacteria;p__Bacillota_A;c__Clostridia;o__Peptostreptococcales;f__Anaerovoracaceae;g__IOR16;s__	taxonomic novelty determined using RED	classification based on placement in class-level tree	N/A	68.56	11	0.88572	N/A
LI1_2nd_4:bin_000052	d__Bacteria;p__Bacillota_A;c__Clostridia;o__Lachnospirales;f__Lachnospiraceae;g__Enterocloster;s__	N/A	N/A	N/A	N/A	N/A	N/A	N/A	N/A	N/A	N/A	d__Bacteria;p__Bacillota_A;c__Clostridia;o__Lachnospirales;f__Lachnospiraceae;g__Enterocloster;s__	taxonomic classification fully defined by topology	classification based on placement in class-level tree	N/A	67.65	11	0.97685	N/A
LI1_2nd_4:bin_000063	d__Bacteria;p__Bacillota_A;c__Clostridia;o__Lachnospirales;f__Lachnospiraceae;g__Enterocloster;s__	N/A	N/A	N/A	N/A	N/A	N/A	N/A	N/A	N/A	N/A	d__Bacteria;p__Bacillota_A;c__Clostridia;o__Lachnospirales;f__Lachnospiraceae;g__Enterocloster;s__	taxonomic classification defined by topology and ANI	classification based on placement in class-level tree	GCF_025149125.1, s__Enterocloster asparagiformis, 95.0, 85.05, 0.166; GCF_003024655.1, s__Enterocloster lavalensis, 95.0, 84.84, 0.182; GCA_018380885.1, s__Enterocloster sp900555905, 95.0, 84.49, 0.163	52.33	11	0.95939	N/A
LI1_2nd_4:bin_000071	d__Bacteria;p__Bacillota_A;c__Clostridia;o__Lachnospirales;f__Lachnospiraceae;g__Brotaphodocola;s__	N/A	N/A	N/A	N/A	N/A	N/A	N/A	N/A	N/A	N/A	d__Bacteria;p__Bacillota_A;c__Clostridia;o__Lachnospirales;f__Lachnospiraceae;g__Brotaphodocola;s__	taxonomic classification fully defined by topology	classification based on placement in class-level tree	N/A	48.5	11	0.94631	N/A
LI1_2nd_4:bin_000074	d__Bacteria;p__Bacillota_A;c__Clostridia;o__Clostridiales;f__Clostridiaceae;g__Clostridium;s__Clostridium baratii_A	GCF_002025815.1	95.0	d__Bacteria;p__Bacillota_A;c__Clostridia;o__Clostridiales;f__Clostridiaceae;g__Clostridium;s__Clostridium baratii_A	98.42	0.7	N/A	N/A	N/A	N/A	N/A	d__Bacteria;p__Bacillota_A;c__Clostridia;o__Clostridiales;f__Clostridiaceae;g__Clostridium;s__	taxonomic classification defined by topology and ANI	topological placement and ANI have incongruent species assignments	GCF_002025815.1, s__Clostridium baratii_A, 95.0, 98.42, 0.7; GCF_900461085.1, s__Clostridium baratii, 95.0, 94.79, 0.657; GCF_016907995.1, s__Clostridium sardiniense, 95.0, 82.24, 0.164	47.45	11	N/A	Genome has more than 12.5% of markers with multiple hits
LI1_2nd_5:bin_000007	d__Bacteria;p__Bacillota_A;c__Clostridia;o__Lachnospirales;f__Lachnospiraceae;g__Kineothrix;s__	N/A	N/A	N/A	N/A	N/A	N/A	N/A	N/A	N/A	N/A	d__Bacteria;p__Bacillota_A;c__Clostridia;o__Lachnospirales;f__Lachnospiraceae;g__Kineothrix;s__	taxonomic classification fully defined by topology	classification based on placement in class-level tree	N/A	90.74	11	0.92899	N/A
LI1_2nd_5:bin_000013	d__Bacteria;p__Bacillota_A;c__Clostridia;o__Christensenellales;f__DTU072;g__;s__	N/A	N/A	N/A	N/A	N/A	N/A	N/A	N/A	N/A	N/A	d__Bacteria;p__Bacillota_A;c__Clostridia;o__Christensenellales;f__DTU072;g__;s__	taxonomic classification fully defined by topology	classification based on placement in class-level tree	N/A	91.54	11	0.7782	N/A
LI1_2nd_5:bin_000023	d__Bacteria;p__Pseudomonadota;c__Alphaproteobacteria;o__UBA3830;f__;g__;s__	N/A	N/A	N/A	N/A	N/A	N/A	N/A	N/A	N/A	N/A	d__Bacteria;p__Pseudomonadota;c__Alphaproteobacteria;o__UBA3830;f__;g__;s__	taxonomic novelty determined using RED	classification based on placement in class-level tree	N/A	87.61	11	0.67871	N/A
LI1_2nd_5:bin_000026	d__Bacteria;p__Bacillota_A;c__Clostridia;o__Christensenellales;f__UBA1242;g__Caccovivens;s__	N/A	N/A	N/A	N/A	N/A	N/A	N/A	N/A	N/A	N/A	d__Bacteria;p__Bacillota_A;c__Clostridia;o__Christensenellales;f__UBA1242;g__Caccovivens;s__	taxonomic classification fully defined by topology	classification based on placement in class-level tree	N/A	86.06	11	0.94242	N/A
LI1_2nd_5:bin_000031	d__Bacteria;p__Bacillota_A;c__Clostridia;o__Christensenellales;f__UBA1242;g__;s__	N/A	N/A	N/A	N/A	N/A	N/A	N/A	N/A	N/A	N/A	d__Bacteria;p__Bacillota_A;c__Clostridia;o__Christensenellales;f__UBA1242;g__;s__	taxonomic novelty determined using RED	classification based on placement in class-level tree	N/A	83.99	11	0.86232	N/A
LI1_2nd_5:bin_000032	d__Bacteria;p__Bacillota_A;c__Clostridia;o__Christensenellales;f__UBA1242;g__Caccovivens;s__	N/A	N/A	N/A	N/A	N/A	N/A	N/A	N/A	N/A	N/A	d__Bacteria;p__Bacillota_A;c__Clostridia;o__Christensenellales;f__UBA1242;g__Caccovivens;s__	taxonomic classification fully defined by topology	classification based on placement in class-level tree	N/A	85.24	11	0.92402	N/A
LI1_2nd_5:bin_000037	d__Bacteria;p__Bacteroidota;c__Bacteroidia;o__Bacteroidales;f__Marinifilaceae;g__Odoribacter;s__	N/A	N/A	N/A	N/A	N/A	N/A	N/A	N/A	N/A	N/A	d__Bacteria;p__Bacteroidota;c__Bacteroidia;o__Bacteroidales;f__Marinifilaceae;g__Odoribacter;s__	taxonomic classification fully defined by topology	classification based on placement in class-level tree	N/A	80.58	11	0.94903	N/A
LI1_2nd_5:bin_000069	d__Bacteria;p__Bacillota_I;c__Bacilli_A;o__RF39;f__UBA660;g__;s__	N/A	N/A	N/A	N/A	N/A	N/A	N/A	N/A	N/A	N/A	d__Bacteria;p__Bacillota_I;c__Bacilli_A;o__RF39;f__UBA660;g__;s__	taxonomic classification fully defined by topology	classification based on placement in class-level tree	N/A	60.02	11	0.7738	N/A
LI1_2nd_5:bin_000073	d__Bacteria;p__Bacillota_A;c__Clostridia;o__TANB77;f__CAG-508;g__CAG-269;s__	N/A	N/A	N/A	N/A	N/A	N/A	N/A	N/A	N/A	N/A	d__Bacteria;p__Bacillota_A;c__Clostridia;o__TANB77;f__CAG-508;g__CAG-269;s__	taxonomic classification fully defined by topology	classification based on placement in class-level tree	N/A	53.49	11	0.84943	N/A
LI1_2nd_5:bin_000074	d__Bacteria;p__Pseudomonadota;c__Gammaproteobacteria;o__Enterobacterales;f__Vibrionaceae;g__Vibrio;s__	N/A	N/A	N/A	N/A	N/A	N/A	N/A	N/A	N/A	N/A	d__Bacteria;p__Pseudomonadota;c__Gammaproteobacteria;o__Enterobacterales;f__Vibrionaceae;g__Vibrio;s__	taxonomic classification defined by topology and ANI	classification based on placement in class-level tree	GCF_000426765.1, s__Vibrio litoralis, 95.0, 89.92, 0.316; GCF_021726515.1, s__Vibrio sp021726515, 95.0, 89.71, 0.318; GCF_002218005.2, s__Vibrio algivorus, 95.0, 88.55, 0.228; GCF_002218045.2, s__Vibrio rumoiensis, 95.0, 88.45, 0.253	51.14	11	0.97978	N/A
LI1_2nd_6:bin_000001	d__Bacteria;p__Pseudomonadota;c__Gammaproteobacteria;o__Enterobacterales;f__Enterobacteriaceae;g__Salmonella;s__Salmonella enterica	GCF_000006945.2	95.0	d__Bacteria;p__Pseudomonadota;c__Gammaproteobacteria;o__Enterobacterales;f__Enterobacteriaceae;g__Salmonella;s__Salmonella enterica	98.08	0.849	GCF_000006945.2	95.0	d__Bacteria;p__Pseudomonadota;c__Gammaproteobacteria;o__Enterobacterales;f__Enterobacteriaceae;g__Salmonella;s__Salmonella enterica	98.08	0.849	d__Bacteria;p__Pseudomonadota;c__Gammaproteobacteria;o__Enterobacterales;f__Enterobacteriaceae;g__Salmonella;s__	taxonomic classification defined by topology and ANI	topological placement and ANI have congruent species assignments	GCF_008692785.1, s__Salmonella diarizonae, 95.0, 94.91, 0.746; GCA_900478215.1, s__Salmonella houtenae, 95.0, 94.56, 0.784; GCF_008692845.1, s__Salmonella arizonae, 95.0, 93.05, 0.77; GCF_000252995.1, s__Salmonella bongori, 95.0, 90.29, 0.742	98.31	11	N/A	N/A
LI1_2nd_6:bin_000026	d__Bacteria;p__Bacillota_A;c__Clostridia;o__Christensenellales;f__Pumilibacteraceae;g__;s__	N/A	N/A	N/A	N/A	N/A	N/A	N/A	N/A	N/A	N/A	d__Bacteria;p__Bacillota_A;c__Clostridia;o__Christensenellales;f__Pumilibacteraceae;g__;s__	taxonomic novelty determined using RED	classification based on placement in class-level tree	N/A	54.44	11	0.8118	N/A
LI1_2nd_7:bin_000001	d__Bacteria;p__Bacillota_A;c__Clostridia;o__Clostridiales;f__Clostridiaceae;g__Sarcina;s__	N/A	N/A	N/A	N/A	N/A	GCF_001403635.1	95.0	d__Bacteria;p__Bacillota_A;c__Clostridia;o__Clostridiales;f__Clostridiaceae;g__Sarcina;s__Sarcina massiliamazoniense	82.09	0.215	d__Bacteria;p__Bacillota_A;c__Clostridia;o__Clostridiales;f__Clostridiaceae;g__Sarcina;s__	taxonomic classification defined by topology and ANI	classification based on placement in class-level tree	N/A	96.43	11	0.97344	N/A
LI1_2nd_7:bin_000005	d__Bacteria;p__Bacillota_A;c__Clostridia;o__Lachnospirales;f__Lachnospiraceae;g__Brotaphodocola;s__	N/A	N/A	N/A	N/A	N/A	N/A	N/A	N/A	N/A	N/A	d__Bacteria;p__Bacillota_A;c__Clostridia;o__Lachnospirales;f__Lachnospiraceae;g__Brotaphodocola;s__	taxonomic classification fully defined by topology	classification based on placement in class-level tree	N/A	93.29	11	0.94788	N/A
LI1_2nd_7:bin_000008	d__Bacteria;p__Bacillota_I;c__Bacilli_A;o__Erysipelotrichales;f__Erysipelotrichaceae;g__CAMQRS01;s__	N/A	N/A	N/A	N/A	N/A	N/A	N/A	N/A	N/A	N/A	d__Bacteria;p__Bacillota_I;c__Bacilli_A;o__Erysipelotrichales;f__Erysipelotrichaceae;g__CAMQRS01;s__	taxonomic classification fully defined by topology	classification based on placement in class-level tree	N/A	94.4	11	0.91988	N/A
LI1_2nd_7:bin_000009	d__Bacteria;p__Bacillota_A;c__Clostridia;o__Oscillospirales;f__Ruminococcaceae;g__Anaerotruncus;s__	N/A	N/A	N/A	N/A	N/A	N/A	N/A	N/A	N/A	N/A	d__Bacteria;p__Bacillota_A;c__Clostridia;o__Oscillospirales;f__Ruminococcaceae;g__Anaerotruncus;s__	taxonomic classification fully defined by topology	classification based on placement in class-level tree	N/A	94.64	11	0.95105	N/A
LI1_2nd_7:bin_000011	d__Bacteria;p__Bacillota_A;c__Clostridia;o__Lachnospirales;f__Lachnospiraceae;g__Petralouisia;s__	N/A	N/A	N/A	N/A	N/A	N/A	N/A	N/A	N/A	N/A	d__Bacteria;p__Bacillota_A;c__Clostridia;o__Lachnospirales;f__Lachnospiraceae;g__Petralouisia;s__	taxonomic classification fully defined by topology	classification based on placement in class-level tree	N/A	91.68	11	0.92152	N/A
LI1_2nd_7:bin_000012	d__Bacteria;p__Bacteroidota;c__Bacteroidia;o__Bacteroidales;f__Rikenellaceae;g__Alistipes;s__	N/A	N/A	N/A	N/A	N/A	N/A	N/A	N/A	N/A	N/A	d__Bacteria;p__Bacteroidota;c__Bacteroidia;o__Bacteroidales;f__Rikenellaceae;g__Alistipes;s__	taxonomic classification fully defined by topology	classification based on placement in class-level tree	N/A	93.29	11	0.95888	N/A
LI1_2nd_7:bin_000014	d__Bacteria;p__Bacteroidota;c__Bacteroidia;o__Flavobacteriales;f__UBA1820;g__Merdimorpha;s__Merdimorpha sp938023515	GCA_938023515.1	95.0	d__Bacteria;p__Bacteroidota;c__Bacteroidia;o__Flavobacteriales;f__UBA1820;g__Merdimorpha;s__Merdimorpha sp938023515	95.96	0.931	GCA_938023515.1	95.0	d__Bacteria;p__Bacteroidota;c__Bacteroidia;o__Flavobacteriales;f__UBA1820;g__Merdimorpha;s__Merdimorpha sp938023515	95.96	0.931	d__Bacteria;p__Bacteroidota;c__Bacteroidia;o__Flavobacteriales;f__UBA1820;g__Merdimorpha;s__	taxonomic classification defined by topology and ANI	topological placement and ANI have congruent species assignments	GCA_959608625.1, s__Merdimorpha sp959608625, 95.0, 89.92, 0.793	96.19	11	N/A	N/A
LI1_2nd_7:bin_000016	d__Bacteria;p__Bacillota_I;c__Bacilli_A;o__Erysipelotrichales;f__Erysipelotrichaceae;g__;s__	N/A	N/A	N/A	N/A	N/A	N/A	N/A	N/A	N/A	N/A	d__Bacteria;p__Bacillota_I;c__Bacilli_A;o__Erysipelotrichales;f__Erysipelotrichaceae;g__;s__	taxonomic novelty determined using RED	classification based on placement in class-level tree	N/A	93.76	11	0.88315	N/A
LI1_2nd_7:bin_000019	d__Bacteria;p__Bacteroidota;c__Bacteroidia;o__Bacteroidales;f__Marinifilaceae;g__Butyricimonas;s__	N/A	N/A	N/A	N/A	N/A	N/A	N/A	N/A	N/A	N/A	d__Bacteria;p__Bacteroidota;c__Bacteroidia;o__Bacteroidales;f__Marinifilaceae;g__Butyricimonas;s__	taxonomic classification fully defined by topology	classification based on placement in class-level tree	N/A	90.74	11	0.97543	N/A
LI1_2nd_7:bin_000020	d__Bacteria;p__Bacillota_B;c__Peptococcia;o__Peptococcales;f__Peptococcaceae;g__CABVBB01;s__	N/A	N/A	N/A	N/A	N/A	N/A	N/A	N/A	N/A	N/A	d__Bacteria;p__Bacillota_B;c__Peptococcia;o__Peptococcales;f__Peptococcaceae;g__CABVBB01;s__	taxonomic novelty determined using RED	classification based on placement in class-level tree	N/A	90.94	11	0.90273	N/A
LI1_2nd_7:bin_000033	d__Bacteria;p__Bacillota_A;c__Clostridia;o__Oscillospirales;f__Ruminococcaceae;g__Fournierella;s__	N/A	N/A	N/A	N/A	N/A	GCA_022835495.1	95.0	d__Bacteria;p__Bacillota_A;c__Clostridia;o__Oscillospirales;f__Ruminococcaceae;g__Fournierella;s__Fournierella sp900543285	87.08	0.422	d__Bacteria;p__Bacillota_A;c__Clostridia;o__Oscillospirales;f__Ruminococcaceae;g__Fournierella;s__	taxonomic classification defined by topology and ANI	classification based on placement in class-level tree	GCA_019119025.1, s__Fournierella excrementigallinarum, 95.0, 82.93, 0.153	85.78	11	0.96904	N/A
LI1_2nd_7:bin_000038	d__Bacteria;p__Bacteroidota;c__Bacteroidia;o__Bacteroidales;f__Tannerellaceae;g__Parabacteroides_B;s__	N/A	N/A	N/A	N/A	N/A	N/A	N/A	N/A	N/A	N/A	d__Bacteria;p__Bacteroidota;c__Bacteroidia;o__Bacteroidales;f__Tannerellaceae;g__Parabacteroides_B;s__	taxonomic classification fully defined by topology	classification based on placement in class-level tree	N/A	81.55	11	0.95421	N/A
LI1_2nd_7:bin_000040	d__Bacteria;p__Bacillota_A;c__Clostridia;o__Lachnospirales;f__Lachnospiraceae;g__Brotaphodocola;s__	N/A	N/A	N/A	N/A	N/A	GCA_030825115.1	95.0	d__Bacteria;p__Bacillota_A;c__Clostridia;o__Lachnospirales;f__Lachnospiraceae;g__Brotaphodocola;s__Brotaphodocola sp030825115	81.02	0.192	d__Bacteria;p__Bacillota_A;c__Clostridia;o__Lachnospirales;f__Lachnospiraceae;g__Brotaphodocola;s__	taxonomic classification defined by topology and ANI	classification based on placement in class-level tree	N/A	82.86	11	0.97918	N/A
LI1_2nd_7:bin_000042	d__Bacteria;p__Bacteroidota;c__Bacteroidia;o__Bacteroidales;f__Tannerellaceae;g__Parabacteroides_B;s__	N/A	N/A	N/A	N/A	N/A	N/A	N/A	N/A	N/A	N/A	d__Bacteria;p__Bacteroidota;c__Bacteroidia;o__Bacteroidales;f__Tannerellaceae;g__Parabacteroides_B;s__	taxonomic classification fully defined by topology	classification based on placement in class-level tree	N/A	84.85	11	0.95216	N/A
LI1_2nd_7:bin_000045	d__Bacteria;p__Bacillota_A;c__Clostridia;o__Oscillospirales;f__Acutalibacteraceae;g__Scatolibacter;s__	N/A	N/A	N/A	N/A	N/A	N/A	N/A	N/A	N/A	N/A	d__Bacteria;p__Bacillota_A;c__Clostridia;o__Oscillospirales;f__Acutalibacteraceae;g__Scatolibacter;s__	taxonomic classification fully defined by topology	classification based on placement in class-level tree	N/A	78.63	11	0.93435	N/A
LI1_2nd_7:bin_000051	d__Bacteria;p__Bacillota_A;c__Clostridia;o__Lachnospirales;f__Lachnospiraceae;g__RGIG4733;s__	N/A	N/A	N/A	N/A	N/A	N/A	N/A	N/A	N/A	N/A	d__Bacteria;p__Bacillota_A;c__Clostridia;o__Lachnospirales;f__Lachnospiraceae;g__RGIG4733;s__	taxonomic novelty determined using RED	classification based on placement in class-level tree	N/A	77.52	11	0.92169	N/A
LI1_2nd_7:bin_000053	d__Bacteria;p__Bacteroidota;c__Bacteroidia;o__Bacteroidales;f__Bacteroidaceae;g__Bacteroides;s__Bacteroides nordii	GCA_000613465.1	95.0	d__Bacteria;p__Bacteroidota;c__Bacteroidia;o__Bacteroidales;f__Bacteroidaceae;g__Bacteroides;s__Bacteroides nordii	97.62	0.807	GCA_000613465.1	95.0	d__Bacteria;p__Bacteroidota;c__Bacteroidia;o__Bacteroidales;f__Bacteroidaceae;g__Bacteroides;s__Bacteroides nordii	97.62	0.807	d__Bacteria;p__Bacteroidota;c__Bacteroidia;o__Bacteroidales;f__Bacteroidaceae;g__Bacteroides;s__	taxonomic classification defined by topology and ANI	topological placement and ANI have congruent species assignments	GCF_019416685.1, s__Bacteroides sp900762525, 95.0, 93.15, 0.735	77.97	11	N/A	N/A
LI1_2nd_7:bin_000056	d__Bacteria;p__Bacillota_A;c__Clostridia;o__Peptostreptococcales;f__Peptostreptococcaceae;g__Peptostreptococcus;s__Peptostreptococcus russellii	GCF_003012055.1	95.0	d__Bacteria;p__Bacillota_A;c__Clostridia;o__Peptostreptococcales;f__Peptostreptococcaceae;g__Peptostreptococcus;s__Peptostreptococcus russellii	98.59	0.64	GCF_003012055.1	95.0	d__Bacteria;p__Bacillota_A;c__Clostridia;o__Peptostreptococcales;f__Peptostreptococcaceae;g__Peptostreptococcus;s__Peptostreptococcus russellii	98.59	0.64	d__Bacteria;p__Bacillota_A;c__Clostridia;o__Peptostreptococcales;f__Peptostreptococcaceae;g__Peptostreptococcus;s__	taxonomic classification defined by topology and ANI	topological placement and ANI have congruent species assignments	N/A	70.15	11	N/A	N/A
LI1_2nd_7:bin_000058	d__Bacteria;p__Bacillota_A;c__Clostridia;o__Oscillospirales;f__Oscillospiraceae;g__;s__	N/A	N/A	N/A	N/A	N/A	N/A	N/A	N/A	N/A	N/A	d__Bacteria;p__Bacillota_A;c__Clostridia;o__Oscillospirales;f__Oscillospiraceae;g__;s__	taxonomic novelty determined using RED	classification based on placement in class-level tree	N/A	71.02	11	0.87803	N/A
LI1_2nd_7:bin_000060	d__Bacteria;p__Bacillota_I;c__Bacilli_A;o__Mycoplasmatales;f__Hepatoplasmataceae;g__Hepatoplasma;s__	N/A	N/A	N/A	N/A	N/A	GCA_027925225.1	95.0	d__Bacteria;p__Bacillota_I;c__Bacilli_A;o__Mycoplasmatales;f__Hepatoplasmataceae;g__Hepatoplasma;s__Hepatoplasma vulgare	85.83	0.567	d__Bacteria;p__Bacillota_I;c__Bacilli_A;o__Mycoplasmatales;f__Hepatoplasmataceae;g__Hepatoplasma;s__	taxonomic classification defined by topology and ANI	classification based on placement in class-level tree	N/A	73.51	4	0.96554	Genome not assigned to closest species as it falls outside its pre-defined ANI radius
LI1_2nd_7:bin_000064	d__Bacteria;p__Bacillota_A;c__Clostridia;o__Lachnospirales;f__Lachnospiraceae;g__Anaerosporobacter;s__Anaerosporobacter sp018372435	GCA_018372435.1	95.0	d__Bacteria;p__Bacillota_A;c__Clostridia;o__Lachnospirales;f__Lachnospiraceae;g__Anaerosporobacter;s__Anaerosporobacter sp018372435	98.68	0.83	GCA_018372435.1	95.0	d__Bacteria;p__Bacillota_A;c__Clostridia;o__Lachnospirales;f__Lachnospiraceae;g__Anaerosporobacter;s__Anaerosporobacter sp018372435	98.68	0.83	d__Bacteria;p__Bacillota_A;c__Clostridia;o__Lachnospirales;f__Lachnospiraceae;g__Anaerosporobacter;s__	taxonomic classification defined by topology and ANI	topological placement and ANI have congruent species assignments	GCF_900142955.1, s__Anaerosporobacter mobilis, 95.0, 94.32, 0.746; GCA_019421365.1, s__Anaerosporobacter sp019421365, 95.0, 87.75, 0.397	68.94	11	N/A	N/A
LI1_2nd_7:bin_000070	d__Bacteria;p__Bacillota_I;c__Bacilli_A;o__RF39;f__UBA660;g__;s__	N/A	N/A	N/A	N/A	N/A	N/A	N/A	N/A	N/A	N/A	d__Bacteria;p__Bacillota_I;c__Bacilli_A;o__RF39;f__UBA660;g__;s__	taxonomic novelty determined using RED	classification based on placement in class-level tree	N/A	63.87	11	0.82289	N/A
LI1_2nd_7:bin_000074	d__Bacteria;p__Pseudomonadota;c__Gammaproteobacteria;o__Enterobacterales;f__Enterobacteriaceae;g__Escherichia;s__Escherichia coli	GCF_003697165.2	95.0	d__Bacteria;p__Pseudomonadota;c__Gammaproteobacteria;o__Enterobacterales;f__Enterobacteriaceae;g__Escherichia;s__Escherichia coli	96.33	0.816	GCF_000026225.1	95.0	d__Bacteria;p__Pseudomonadota;c__Gammaproteobacteria;o__Enterobacterales;f__Enterobacteriaceae;g__Escherichia;s__Escherichia fergusonii	90.85	0.55	d__Bacteria;p__Pseudomonadota;c__Gammaproteobacteria;o__Enterobacterales;f__Enterobacteriaceae;g__Escherichia;s__	taxonomic classification defined by topology and ANI	N/A	GCF_000194175.1, s__Escherichia coli_F, 95.0, 95.78, 0.858; GCF_002965065.1, s__Escherichia sp002965065, 95.0, 94.28, 0.664; GCF_005843885.1, s__Escherichia sp005843885, 95.0, 92.4, 0.763; GCF_004211955.1, s__Escherichia sp004211955, 95.0, 92.3, 0.751; GCF_029876145.1, s__Escherichia ruysiae, 95.0, 92.13, 0.742; GCF_011881725.1, s__Escherichia coli_E, 95.0, 91.44, 0.718; GCF_014836715.1, s__Escherichia whittamii, 95.0, 91.42, 0.748; GCF_002900365.1, s__Escherichia marmotae, 95.0, 90.45, 0.695; GCF_000759775.1, s__Escherichia albertii, 95.0, 90.0, 0.611	62.28	11	N/A	N/A
LI1_2nd_7:bin_000076	d__Bacteria;p__Bacillota_A;c__Clostridia;o__Lachnospirales;f__Lachnospiraceae;g__;s__	N/A	N/A	N/A	N/A	N/A	N/A	N/A	N/A	N/A	N/A	d__Bacteria;p__Bacillota_A;c__Clostridia;o__Lachnospirales;f__Lachnospiraceae;g__;s__	taxonomic classification fully defined by topology	classification based on placement in class-level tree	N/A	58.65	11	0.80267	N/A
LI1_2nd_7:bin_000078	d__Bacteria;p__Bacillota_A;c__Clostridia;o__Lachnospirales;f__Lachnospiraceae;g__Alitiscatomonas;s__	N/A	N/A	N/A	N/A	N/A	N/A	N/A	N/A	N/A	N/A	d__Bacteria;p__Bacillota_A;c__Clostridia;o__Lachnospirales;f__Lachnospiraceae;g__Alitiscatomonas;s__	taxonomic classification fully defined by topology	classification based on placement in class-level tree	N/A	58.65	11	0.93369	N/A
LI1_2nd_7:bin_000082	d__Bacteria;p__Bacillota_A;c__Clostridia;o__Oscillospirales;f__Oscillospiraceae;g__Dysosmobacter;s__	N/A	N/A	N/A	N/A	N/A	GCA_023406225.1	95.0	d__Bacteria;p__Bacillota_A;c__Clostridia;o__Oscillospirales;f__Oscillospiraceae;g__Dysosmobacter;s__Dysosmobacter sp023406225	85.16	0.164	d__Bacteria;p__Bacillota_A;c__Clostridia;o__Oscillospirales;f__Oscillospiraceae;g__Dysosmobacter;s__	taxonomic classification defined by topology and ANI	classification based on placement in class-level tree	N/A	58.47	11	0.98214	N/A
LI1_2nd_7:bin_000083	d__Bacteria;p__Bacillota_A;c__Clostridia;o__Oscillospirales;f__Oscillospiraceae;g__Pseudoflavonifractor;s__	N/A	N/A	N/A	N/A	N/A	N/A	N/A	N/A	N/A	N/A	d__Bacteria;p__Bacillota_A;c__Clostridia;o__Oscillospirales;f__Oscillospiraceae;g__Pseudoflavonifractor;s__	taxonomic classification fully defined by topology	classification based on placement in class-level tree	N/A	55.41	11	0.96475	N/A
LI1_2nd_8:bin_000001	d__Bacteria;p__Pseudomonadota;c__Gammaproteobacteria;o__Enterobacterales;f__Enterobacteriaceae;g__Plesiomonas;s__Plesiomonas shigelloides	GCF_900087055.1	95.0	d__Bacteria;p__Pseudomonadota;c__Gammaproteobacteria;o__Enterobacterales;f__Enterobacteriaceae;g__Plesiomonas;s__Plesiomonas shigelloides	97.55	0.909	GCF_900087055.1	95.0	d__Bacteria;p__Pseudomonadota;c__Gammaproteobacteria;o__Enterobacterales;f__Enterobacteriaceae;g__Plesiomonas;s__Plesiomonas shigelloides	97.55	0.909	d__Bacteria;p__Pseudomonadota;c__Gammaproteobacteria;o__Enterobacterales;f__Enterobacteriaceae;g__Plesiomonas;s__	taxonomic classification defined by topology and ANI	topological placement and ANI have congruent species assignments	N/A	97.56	11	N/A	N/A
LI1_2nd_8:bin_000006	d__Bacteria;p__Bacteroidota;c__Bacteroidia;o__Bacteroidales;f__Rikenellaceae;g__Alistipes;s__	N/A	N/A	N/A	N/A	N/A	N/A	N/A	N/A	N/A	N/A	d__Bacteria;p__Bacteroidota;c__Bacteroidia;o__Bacteroidales;f__Rikenellaceae;g__Alistipes;s__	taxonomic classification fully defined by topology	classification based on placement in class-level tree	N/A	93.03	11	0.98039	N/A
LI1_2nd_8:bin_000013	d__Bacteria;p__Verrucomicrobiota;c__Verrucomicrobiae;o__Verrucomicrobiales;f__Akkermansiaceae;g__Akkermansia;s__	N/A	N/A	N/A	N/A	N/A	N/A	N/A	N/A	N/A	N/A	d__Bacteria;p__Verrucomicrobiota;c__Verrucomicrobiae;o__Verrucomicrobiales;f__Akkermansiaceae;g__Akkermansia;s__	taxonomic classification defined by topology and ANI	classification based on placement in class-level tree	GCF_023516715.1, s__Akkermansia massiliensis, 95.0, 90.77, 0.702; GCA_947624785.1, s__Akkermansia muciniphila_F, 95.0, 90.37, 0.701; GCF_018709685.1, s__Akkermansia muciniphila_E, 95.0, 89.36, 0.676; GCF_002884975.1, s__Akkermansia muciniphila_C, 95.0, 89.11, 0.68; GCF_020860705.1, s__Akkermansia sp020860705, 95.0, 88.25, 0.61; GCA_905200945.1, s__Akkermansia sp905200945, 95.0, 86.59, 0.556; GCF_030848305.1, s__Akkermansia muciniphila_A, 95.0, 86.26, 0.589; GCF_000020225.1, s__Akkermansia muciniphila, 95.0, 86.19, 0.604; GCA_021202525.1, s__Akkermansia sp021202525, 95.0, 84.41, 0.422; GCF_026072915.1, s__Akkermansia biwaensis, 95.0, 84.2, 0.391; GCF_004167605.1, s__Akkermansia sp004167605, 95.0, 83.78, 0.383	92.04	11	0.99	Genome not assigned to closest species as it falls outside its pre-defined ANI radius
LI1_2nd_8:bin_000016	d__Bacteria;p__Bacteroidota;c__Bacteroidia;o__Bacteroidales;f__Rikenellaceae;g__Rikenella;s__	N/A	N/A	N/A	N/A	N/A	N/A	N/A	N/A	N/A	N/A	d__Bacteria;p__Bacteroidota;c__Bacteroidia;o__Bacteroidales;f__Rikenellaceae;g__Rikenella;s__	taxonomic classification defined by topology and ANI	classification based on placement in class-level tree	GCA_020859745.1, s__Rikenella sp020859745, 95.0, 83.87, 0.314; GCA_947627885.1, s__Rikenella sp947627885, 95.0, 83.44, 0.305; GCF_947628055.1, s__Rikenella sp947628055, 95.0, 80.39, 0.158	89.97	11	0.97812	N/A
LI1_2nd_8:bin_000019	d__Bacteria;p__Bacillota_A;c__Clostridia;o__Christensenellales;f__UBA3700;g__;s__	N/A	N/A	N/A	N/A	N/A	N/A	N/A	N/A	N/A	N/A	d__Bacteria;p__Bacillota_A;c__Clostridia;o__Christensenellales;f__UBA3700;g__;s__	taxonomic novelty determined using RED	classification based on placement in class-level tree	N/A	89.16	11	0.82684	N/A
LI1_2nd_8:bin_000030	d__Bacteria;p__Actinomycetota;c__Actinomycetes;o__Mycobacteriales;f__Mycobacteriaceae;g__Corynebacterium;s__	N/A	N/A	N/A	N/A	N/A	N/A	N/A	N/A	N/A	N/A	d__Bacteria;p__Actinomycetota;c__Actinomycetes;o__Mycobacteriales;f__Mycobacteriaceae;g__Corynebacterium;s__	taxonomic classification defined by topology and ANI	classification based on placement in class-level tree	GCF_002967075.1, s__Corynebacterium sp002967075, 95.0, 85.26, 0.37; GCF_001941345.1, s__Corynebacterium stationis, 95.0, 85.23, 0.354; GCF_001941425.1, s__Corynebacterium ammoniagenes, 95.0, 83.22, 0.168	83.3	11	0.99786	N/A
LI1_2nd_8:bin_000033	d__Bacteria;p__Bacillota_C;c__Negativicutes;o__Selenomonadales;f__;g__;s__	N/A	N/A	N/A	N/A	N/A	N/A	N/A	N/A	N/A	N/A	d__Bacteria;p__Bacillota_C;c__Negativicutes;o__Selenomonadales;f__;g__;s__	taxonomic novelty determined using RED	classification based on placement in class-level tree	N/A	80.28	11	0.70001	N/A
LI1_2nd_8:bin_000035	d__Bacteria;p__Bacillota_A;c__Clostridia;o__Lachnospirales;f__Lachnospiraceae;g__;s__	N/A	N/A	N/A	N/A	N/A	N/A	N/A	N/A	N/A	N/A	d__Bacteria;p__Bacillota_A;c__Clostridia;o__Lachnospirales;f__Lachnospiraceae;g__;s__	taxonomic novelty determined using RED	classification based on placement in class-level tree	N/A	84.25	11	0.81533	N/A
LI1_2nd_8:bin_000038	d__Bacteria;p__Bacillota_A;c__Clostridia;o__Lachnospirales;f__Lachnospiraceae;g__Otoolea;s__	N/A	N/A	N/A	N/A	N/A	N/A	N/A	N/A	N/A	N/A	d__Bacteria;p__Bacillota_A;c__Clostridia;o__Lachnospirales;f__Lachnospiraceae;g__Otoolea;s__	taxonomic classification fully defined by topology	classification based on placement in class-level tree	N/A	82.01	11	0.94615	N/A
LI1_2nd_8:bin_000044	d__Bacteria;p__Bacillota_A;c__Clostridia;o__Oscillospirales;f__Ruminococcaceae;g__Angelakisella;s__	N/A	N/A	N/A	N/A	N/A	N/A	N/A	N/A	N/A	N/A	d__Bacteria;p__Bacillota_A;c__Clostridia;o__Oscillospirales;f__Ruminococcaceae;g__Angelakisella;s__	taxonomic classification defined by topology and ANI	classification based on placement in class-level tree	GCA_904420255.1, s__Angelakisella sp904420255, 95.0, 85.92, 0.173	76.27	11	0.9478	N/A
LI1_2nd_8:bin_000045	d__Bacteria;p__Bacillota_I;c__Bacilli_A;o__Mycoplasmatales;f__Mycoplasmoidaceae;g__Mycoplasmoides;s__	N/A	N/A	N/A	N/A	N/A	N/A	N/A	N/A	N/A	N/A	d__Bacteria;p__Bacillota_I;c__Bacilli_A;o__Mycoplasmatales;f__Mycoplasmoidaceae;g__Mycoplasmoides;s__	taxonomic classification fully defined by topology	classification based on placement in class-level tree	N/A	78.81	4	0.86132	N/A
LI1_2nd_8:bin_000047	d__Bacteria;p__Fusobacteriota;c__Fusobacteriia;o__Fusobacteriales;f__Fusobacteriaceae;g__Cetobacterium_A;s__Cetobacterium_A somerae	GCF_000479045.1	95.0	d__Bacteria;p__Fusobacteriota;c__Fusobacteriia;o__Fusobacteriales;f__Fusobacteriaceae;g__Cetobacterium_A;s__Cetobacterium_A somerae	95.46	0.634	GCF_000479045.1	95.0	d__Bacteria;p__Fusobacteriota;c__Fusobacteriia;o__Fusobacteriales;f__Fusobacteriaceae;g__Cetobacterium_A;s__Cetobacterium_A somerae	95.46	0.634	d__Bacteria;p__Fusobacteriota;c__Fusobacteriia;o__Fusobacteriales;f__Fusobacteriaceae;g__Cetobacterium_A;s__	taxonomic classification defined by topology and ANI	topological placement and ANI have congruent species assignments	GCF_947038635.1, s__Cetobacterium_A sp947038635, 95.0, 94.56, 0.597; GCF_022430525.1, s__Cetobacterium_A sp905216205, 95.0, 93.81, 0.588; GCF_024506395.1, s__Cetobacterium_A somerae_A, 95.0, 89.67, 0.429; GCA_934085975.1, s__Cetobacterium_A sp934085975, 95.0, 88.71, 0.452; GCF_000799075.1, s__Cetobacterium_A sp000799075, 95.0, 86.41, 0.208; GCF_945952365.1, s__Cetobacterium_A sp945952365, 95.0, 85.9, 0.218; GCA_002428805.1, s__Cetobacterium_A sp002428805, 95.0, 85.48, 0.211; GCF_014250675.1, s__Cetobacterium_A sp014250675, 95.0, 85.26, 0.157	75.89	11	N/A	N/A
LI1_2nd_8:bin_000048	d__Bacteria;p__Bacillota_A;c__Clostridia;o__Lachnospirales;f__Lachnospiraceae;g__Brotaphodocola;s__	N/A	N/A	N/A	N/A	N/A	GCA_030825115.1	95.0	d__Bacteria;p__Bacillota_A;c__Clostridia;o__Lachnospirales;f__Lachnospiraceae;g__Brotaphodocola;s__Brotaphodocola sp030825115	81.97	0.199	d__Bacteria;p__Bacillota_A;c__Clostridia;o__Lachnospirales;f__Lachnospiraceae;g__Brotaphodocola;s__	taxonomic classification defined by topology and ANI	classification based on placement in class-level tree	N/A	76.29	11	0.98111	N/A
LI1_2nd_8:bin_000053	d__Bacteria;p__Actinomycetota;c__Actinomycetes;o__Actinomycetales;f__Microbacteriaceae;g__Leucobacter_A;s__Leucobacter_A sp027853335	GCF_027853335.1	95.0	d__Bacteria;p__Actinomycetota;c__Actinomycetes;o__Actinomycetales;f__Microbacteriaceae;g__Leucobacter_A;s__Leucobacter_A sp027853335	95.76	0.748	GCF_027853335.1	95.0	d__Bacteria;p__Actinomycetota;c__Actinomycetes;o__Actinomycetales;f__Microbacteriaceae;g__Leucobacter_A;s__Leucobacter_A sp027853335	95.76	0.748	d__Bacteria;p__Actinomycetota;c__Actinomycetes;o__Actinomycetales;f__Microbacteriaceae;g__Leucobacter_A;s__	taxonomic classification defined by topology and ANI	topological placement and ANI have congruent species assignments	GCF_019049105.1, s__Leucobacter_A chinensis, 95.0, 95.0, 0.742	68.58	11	N/A	N/A
LI1_2nd_8:bin_000064	d__Bacteria;p__Bacteroidota;c__Bacteroidia;o__Bacteroidales;f__Tannerellaceae;g__Parabacteroides;s__	N/A	N/A	N/A	N/A	N/A	N/A	N/A	N/A	N/A	N/A	d__Bacteria;p__Bacteroidota;c__Bacteroidia;o__Bacteroidales;f__Tannerellaceae;g__Parabacteroides;s__	taxonomic classification defined by topology and ANI	classification based on placement in class-level tree	GCF_000969825.1, s__Parabacteroides gordonii, 95.0, 81.77, 0.192; GCF_900128505.1, s__Parabacteroides timonensis, 95.0, 81.17, 0.163; GCF_014287545.1, s__Parabacteroides segnis, 95.0, 81.01, 0.155; GCF_905196875.1, s__Parabacteroides sp905196875, 95.0, 81.0, 0.156; GCF_015550595.1, s__Parabacteroides sp900540715, 95.0, 80.82, 0.162	67.39	11	0.97983	N/A
LI1_2nd_8:bin_000065	d__Bacteria;p__Bacillota_A;c__Clostridia;o__Lachnospirales;f__Lachnospiraceae;g__Acetatifactor;s__	N/A	N/A	N/A	N/A	N/A	N/A	N/A	N/A	N/A	N/A	d__Bacteria;p__Bacillota_A;c__Clostridia;o__Lachnospirales;f__Lachnospiraceae;g__Acetatifactor;s__	taxonomic classification fully defined by topology	classification based on placement in class-level tree	N/A	64.31	11	0.94311	N/A
LI1_2nd_8:bin_000066	d__Bacteria;p__Bacillota;c__Bacilli;o__Staphylococcales;f__Salinicoccaceae;g__Jeotgalicoccus;s__Jeotgalicoccus nanhaiensis	GCA_004570955.1	95.0	d__Bacteria;p__Bacillota;c__Bacilli;o__Staphylococcales;f__Salinicoccaceae;g__Jeotgalicoccus;s__Jeotgalicoccus nanhaiensis	98.44	0.878	GCA_004570955.1	95.0	d__Bacteria;p__Bacillota;c__Bacilli;o__Staphylococcales;f__Salinicoccaceae;g__Jeotgalicoccus;s__Jeotgalicoccus nanhaiensis	98.44	0.878	d__Bacteria;p__Bacillota;c__Bacilli;o__Staphylococcales;f__Salinicoccaceae;g__Jeotgalicoccus;s__	taxonomic classification defined by topology and ANI	topological placement and ANI have congruent species assignments	GCF_003387165.1, s__Jeotgalicoccus halotolerans, 95.69, 96.96, 0.828; GCF_000425845.1, s__Jeotgalicoccus psychrophilus, 95.0, 88.14, 0.363; GCA_947631305.1, s__Jeotgalicoccus sp947631305, 95.0, 87.91, 0.273; GCA_003513765.1, s__Jeotgalicoccus sp003513765, 95.0, 87.87, 0.34; GCF_014207425.1, s__Jeotgalicoccus coquinae, 95.0, 87.73, 0.329; GCF_000756715.1, s__Jeotgalicoccus saudimassiliensis, 95.0, 87.5, 0.268; GCF_014635205.1, s__Jeotgalicoccus aerolatus, 95.0, 87.32, 0.208	60.81	11	N/A	N/A
LI1_2nd_8:bin_000070	d__Bacteria;p__Bacteroidota;c__Bacteroidia;o__Bacteroidales;f__Bacteroidaceae;g__Bacteroides;s__	N/A	N/A	N/A	N/A	N/A	GCF_900547205.1	95.0	d__Bacteria;p__Bacteroidota;c__Bacteroidia;o__Bacteroidales;f__Bacteroidaceae;g__Bacteroides;s__Bacteroides sp900547205	81.86	0.177	d__Bacteria;p__Bacteroidota;c__Bacteroidia;o__Bacteroidales;f__Bacteroidaceae;g__Bacteroides;s__	taxonomic classification defined by topology and ANI	classification based on placement in class-level tree	N/A	60.99	11	0.98151	N/A
LI1_2nd_8:bin_000077	d__Bacteria;p__Bacteroidota;c__Bacteroidia;o__Bacteroidales;f__Tannerellaceae;g__Parabacteroides;s__Parabacteroides chongii	GCF_029581355.1	95.0	d__Bacteria;p__Bacteroidota;c__Bacteroidia;o__Bacteroidales;f__Tannerellaceae;g__Parabacteroides;s__Parabacteroides chongii	97.86	0.786	GCF_029581355.1	95.0	d__Bacteria;p__Bacteroidota;c__Bacteroidia;o__Bacteroidales;f__Tannerellaceae;g__Parabacteroides;s__Parabacteroides chongii	97.86	0.786	d__Bacteria;p__Bacteroidota;c__Bacteroidia;o__Bacteroidales;f__Tannerellaceae;g__Parabacteroides;s__	taxonomic classification defined by topology and ANI	topological placement and ANI have congruent species assignments	GCF_014647375.1, s__Parabacteroides faecis, 95.0, 88.28, 0.408; GCF_900128505.1, s__Parabacteroides timonensis, 95.0, 87.94, 0.302; GCF_015550595.1, s__Parabacteroides sp900540715, 95.0, 86.36, 0.266; GCF_905196875.1, s__Parabacteroides sp905196875, 95.0, 84.3, 0.206; GCF_000969835.1, s__Parabacteroides goldsteinii, 95.0, 83.61, 0.216; GCF_014287545.1, s__Parabacteroides segnis, 95.0, 83.52, 0.211; GCF_000969825.1, s__Parabacteroides gordonii, 95.0, 82.46, 0.169	52.51	11	N/A	N/A
LI1_2nd_8:bin_000079	d__Bacteria;p__Pseudomonadota;c__Gammaproteobacteria;o__Enterobacterales;f__Enterobacteriaceae;g__Citrobacter_A;s__Citrobacter_A amalonaticus	GCF_018323885.1	95.0	d__Bacteria;p__Pseudomonadota;c__Gammaproteobacteria;o__Enterobacterales;f__Enterobacteriaceae;g__Citrobacter_A;s__Citrobacter_A amalonaticus	98.84	0.913	GCF_018323885.1	95.0	d__Bacteria;p__Pseudomonadota;c__Gammaproteobacteria;o__Enterobacterales;f__Enterobacteriaceae;g__Citrobacter_A;s__Citrobacter_A amalonaticus	98.84	0.913	d__Bacteria;p__Pseudomonadota;c__Gammaproteobacteria;o__Enterobacterales;f__Enterobacteriaceae;g__Citrobacter_A;s__	taxonomic classification defined by topology and ANI	topological placement and ANI have congruent species assignments	GCF_001559075.2, s__Citrobacter_A amalonaticus_F, 95.0, 94.66, 0.845; GCA_019415335.1, s__Citrobacter_A sp019415335, 95.0, 92.44, 0.581; GCF_018252635.1, s__Citrobacter_A amalonaticus_E, 95.0, 92.23, 0.804; GCA_028994555.1, s__Citrobacter_A amalonaticus_G, 95.0, 91.82, 0.808; GCF_000981805.1, s__Citrobacter_A amalonaticus_C, 95.0, 91.39, 0.786; GCA_009363175.1, s__Citrobacter_A telavivensis, 95.0, 91.26, 0.79; GCF_019048065.1, s__Citrobacter_A farmeri, 95.0, 91.05, 0.793; GCF_000759835.1, s__Citrobacter_A sedlakii, 95.0, 85.0, 0.429; GCF_021278985.1, s__Citrobacter_A rodentium, 95.0, 84.93, 0.397; GCF_013836145.1, s__Citrobacter_A sp013836145, 95.0, 84.6, 0.391	50.23	11	N/A	N/A
LI1_2nd_9:bin_000002	d__Bacteria;p__Cyanobacteriota;c__Vampirovibrionia;o__Gastranaerophilales;f__Gastranaerophilaceae;g__Limenecus;s__	N/A	N/A	N/A	N/A	N/A	N/A	N/A	N/A	N/A	N/A	d__Bacteria;p__Cyanobacteriota;c__Vampirovibrionia;o__Gastranaerophilales;f__Gastranaerophilaceae;g__Limenecus;s__	taxonomic classification fully defined by topology	classification based on placement in class-level tree	N/A	95.77	11	0.97587	N/A
LI1_2nd_9:bin_000004	d__Bacteria;p__Cyanobacteriota;c__Vampirovibrionia;o__Gastranaerophilales;f__Gastranaerophilaceae;g__Scatousia;s__	N/A	N/A	N/A	N/A	N/A	N/A	N/A	N/A	N/A	N/A	d__Bacteria;p__Cyanobacteriota;c__Vampirovibrionia;o__Gastranaerophilales;f__Gastranaerophilaceae;g__Scatousia;s__	taxonomic classification defined by topology and ANI	classification based on placement in class-level tree	GCA_000431315.1, s__Scatousia sp000431315, 95.0, 80.14, 0.18; GCA_902383995.1, s__Scatousia sp902383995, 95.0, 80.01, 0.157	95.57	11	0.95117	N/A
LI1_2nd_9:bin_000007	d__Bacteria;p__Pseudomonadota;c__Alphaproteobacteria;o__RF32;f__CAG-239;g__CAJLXD01;s__	N/A	N/A	N/A	N/A	N/A	GCA_900551585.1	95.0	d__Bacteria;p__Pseudomonadota;c__Alphaproteobacteria;o__RF32;f__CAG-239;g__CAJLXD01;s__CAJLXD01 sp900551585	82.31	0.178	d__Bacteria;p__Pseudomonadota;c__Alphaproteobacteria;o__RF32;f__CAG-239;g__CAJLXD01;s__	taxonomic classification defined by topology and ANI	classification based on placement in class-level tree	N/A	94.84	11	0.97422	N/A
LI1_2nd_9:bin_000022	d__Bacteria;p__Bacillota_A;c__Clostridia;o__Oscillospirales;f__Oscillospiraceae;g__Oscillibacter;s__	N/A	N/A	N/A	N/A	N/A	N/A	N/A	N/A	N/A	N/A	d__Bacteria;p__Bacillota_A;c__Clostridia;o__Oscillospirales;f__Oscillospiraceae;g__Oscillibacter;s__	taxonomic classification fully defined by topology	classification based on placement in class-level tree	N/A	85.54	11	0.96134	N/A
LI1_2nd_9:bin_000023	d__Bacteria;p__Bacillota_A;c__Clostridia;o__Lachnospirales;f__Lachnospiraceae;g__JALFVM01;s__	N/A	N/A	N/A	N/A	N/A	N/A	N/A	N/A	N/A	N/A	d__Bacteria;p__Bacillota_A;c__Clostridia;o__Lachnospirales;f__Lachnospiraceae;g__JALFVM01;s__	taxonomic novelty determined using RED	classification based on placement in class-level tree	N/A	80.44	11	0.94881	N/A
LI1_2nd_9:bin_000032	d__Bacteria;p__Pseudomonadota;c__Alphaproteobacteria;o__RF32;f__CAG-239;g__CAZU01;s__	N/A	N/A	N/A	N/A	N/A	N/A	N/A	N/A	N/A	N/A	d__Bacteria;p__Pseudomonadota;c__Alphaproteobacteria;o__RF32;f__CAG-239;g__CAZU01;s__	taxonomic classification fully defined by topology	classification based on placement in class-level tree	N/A	76.9	11	0.9475	N/A
